"ID","Description","setSize","enrichmentScore","NES","pvalue","p.adjust","qvalue","rank","leading_edge","core_enrichment"
"GO:1901606","alpha-amino acid catabolic process",89,-0.566398753827556,-2.57831831633285,3.84984801071119e-11,2.21019774294929e-07,1.87507860479586e-07,3155,"tags=53%, list=20%, signal=42%","3176/55258/8942/2746/131669/3712/64087/2653/4846/64577/27034/6898/27165/383/4329/144193/64902/51540/1757/5860/2752/2954/642/5053/4143/51380/169355/56267/137872/10247/1036/36/4942/10841/23498/112817/123688/275/3081/189/2875/10157/875/102724560/1428/3242/8564"
"GO:0009063","amino acid catabolic process",101,-0.534599386393978,-2.47496506037984,1.53517803038492e-10,4.40672853621991e-07,3.7385624982058e-07,3155,"tags=50%, list=20%, signal=40%","3176/55258/8942/2746/131669/3712/64087/2109/2653/4846/64577/27034/6898/27165/383/4329/144193/64902/51540/1757/5860/2752/2954/642/5053/4143/51380/169355/56267/137872/10247/1036/36/4942/10841/152926/23498/112817/123688/275/3081/189/2875/10157/875/102724560/55556/1428/3242/8564"
"GO:0006873","intracellular monoatomic ion homeostasis",414,0.352484171474454,1.83292687468057,3.71897642160007e-09,7.11688121213534e-06,6.03779084306791e-06,3526,"tags=36%, list=23%, signal=28%","483/55847/27032/55013/476/55151/8992/254428/526/27020/796/27069/351/6622/6356/7226/79734/65082/7531/326343/51606/7879/10159/6368/56833/2907/6507/30968/54499/2495/55177/7052/6786/6280/5910/8614/729230/9296/144811/5581/567/9114/220002/2247/3920/523/57419/10539/4756/4499/90550/7504/79689/1318/9474/7070/2896/4502/57003/59341/578/6363/57192/284612/4493/10989/57217/55647/581/7474/5594/51382/252839/9900/6387/4501/57282/1317/27347/5621/6279/65125/3916/5311/6341/5663/118987/596/5538/79054/1201/8301/7922/6366/388962/5595/805/28952/5291/2512/5029/6916/1353/6781/533/654/23557/3074/4283/3091/1182/2658/6348/57190/4494/79568/26504/6717/7421/23682/23516/506/84679/9217/51196/527/535/808/55334/7040/150159/286133/80024/147007/83636/80762/4489/113235/4490/205251/3263/25800/221154/51542/23400/3690/4496/79041"
"GO:0030003","intracellular monoatomic cation homeostasis",407,0.3522867431696,1.82696858418649,6.30575085594545e-09,9.05032891599571e-06,7.67808137117358e-06,3526,"tags=35%, list=23%, signal=28%","483/55847/27032/55013/476/55151/8992/254428/526/27020/796/27069/351/6622/6356/7226/79734/65082/7531/326343/51606/7879/10159/6368/56833/2907/6507/30968/54499/2495/55177/7052/6786/6280/5910/8614/729230/9296/144811/5581/567/9114/220002/2247/3920/523/57419/10539/4756/4499/90550/7504/79689/1318/9474/7070/2896/4502/57003/59341/578/6363/57192/284612/4493/10989/57217/55647/581/7474/5594/51382/252839/9900/6387/4501/57282/1317/5621/6279/3916/5311/6341/5663/118987/596/5538/79054/1201/8301/7922/6366/388962/5595/805/28952/5291/2512/1353/6781/533/654/23557/3074/4283/3091/1182/2658/6348/57190/4494/79568/26504/6717/7421/23682/23516/506/84679/9217/51196/527/535/808/55334/7040/150159/286133/80024/147007/83636/80762/4489/113235/4490/205251/3263/25800/221154/51542/23400/3690/4496/79041"
"GO:0170035","L-amino acid catabolic process",68,-0.559607930379097,-2.39054781581779,1.22565959407231e-08,1.04847131226208e-05,8.89497843184601e-06,3341,"tags=54%, list=21%, signal=43%","58510/3176/55258/8942/2746/131669/3712/64087/2653/4846/64577/6898/27165/383/144193/64902/51540/5860/2752/2954/5053/4143/51380/56267/137872/10247/1036/4942/10841/275/3081/189/2875/10157/875/102724560/3242"
"GO:1901605","alpha-amino acid metabolic process",186,-0.408568750956105,-2.07756679537403,1.25626149217778e-08,1.04847131226208e-05,8.89497843184601e-06,3196,"tags=41%, list=21%, signal=33%","4522/3176/2271/55258/58478/4594/84245/8942/2746/131669/55256/10249/3712/51151/64087/80017/2653/4846/64577/27034/6898/2639/27165/383/4329/144193/23743/64902/4548/4204/2356/51540/635/1757/143941/374569/5860/2752/2954/435/642/5053/441024/4143/51380/169355/56267/137872/570/2729/10247/112398/1036/36/4942/10841/23498/112817/123688/275/56954/4524/1373/1491/2678/3081/189/2875/10157/445/875/102724560/27232/1428/3242/8564"
"GO:0016032","viral process",393,0.358777881659291,1.85790149363411,1.27840083362386e-08,1.04847131226208e-05,8.89497843184601e-06,4071,"tags=39%, list=26%, signal=29%","11043/684/6590/51114/6520/286827/23076/8724/6780/6609/3838/6483/6510/3685/104/7879/950/9213/90120/5245/128866/5901/5125/1514/4939/2589/1072/91782/201626/57132/6993/51386/5806/7812/81876/8829/10488/3688/2530/7913/5817/3326/9830/5045/51495/9474/6597/6404/11074/7251/8562/4946/4599/256435/867/2040/975/23089/1915/27090/1104/4124/3839/55128/51510/50855/57169/2932/2621/1452/3916/6714/636/8673/7301/1605/9023/8678/7157/57617/10015/596/7153/1604/682/10542/1642/4940/156/137492/53349/5093/940/23435/6484/55207/1654/3673/6348/1436/5978/24138/5359/5886/200316/942/3693/22938/5610/4247/6598/25978/339122/56829/9217/253832/1508/9636/25893/50848/55054/9218/89870/23367/7342/6541/3482/27074/26986/6347/23272/3690/440275/28985/3312/8664/2192/103/23633/6480/90861/3921/1660/6732/54956/1803/7405/5818/9525/1488/8666/8662"
"GO:0050801","monoatomic ion homeostasis",479,0.331459054150584,1.74878548376227,1.52781673293494e-08,1.09639948297243e-05,9.30158950432888e-06,3578,"tags=34%, list=23%, signal=27%","483/55847/27032/55013/10518/476/55151/8992/254428/526/27020/771/796/27069/351/6622/6356/2132/7226/79734/29887/133308/65082/7531/326343/51606/7879/10159/6368/56833/2907/6507/30968/54499/2495/55177/7052/6786/6280/5910/8614/5166/729230/9296/144811/5581/567/9114/220002/2247/3920/523/57419/10539/4756/4499/90550/7504/79689/1318/9474/7070/2896/4502/57003/59341/578/6363/57192/284612/4493/10989/2131/57217/55647/581/7474/5594/51382/252839/6648/9900/6387/4501/57282/1317/27347/5621/6279/65125/3916/51076/5311/6341/5663/118987/596/5538/79054/1201/8301/7922/6366/388962/5595/805/28952/5291/2512/5029/6916/6560/1353/6781/533/2034/654/23557/3074/4283/3091/1182/2658/6348/57190/4494/79568/26504/6717/7421/23682/23516/506/56172/84679/288/9217/51196/1910/527/535/808/55334/7040/150159/286133/80024/147007/83636/80762/4489/113235/4490/205251/3263/25800/221154/51542/23400/3690/4496/2260/79041/4302/1534"
"GO:0170039","proteinogenic amino acid metabolic process",156,-0.42475003094052,-2.11671722276166,2.47323883121212e-08,1.29080582999898e-05,1.09508861933191e-05,3805,"tags=46%, list=24%, signal=35%","4507/2730/6999/5831/51268/162417/468/58510/4522/3176/55258/58478/84245/8942/2746/131669/55256/10249/3712/51151/64087/80017/2653/4846/6898/2639/27165/383/144193/23743/64902/4548/4204/2356/51540/635/143941/374569/5860/2752/2954/435/5053/441024/4143/51380/169355/137872/570/2729/10247/1036/4942/10841/23498/275/56954/4524/1373/1491/2678/3081/189/2875/10157/445/875/102724560/27232/3242/8564"
"GO:0016054","organic acid catabolic process",227,-0.381258670145595,-1.99005191677099,2.42663374964545e-08,1.29080582999898e-05,1.09508861933191e-05,3775,"tags=41%, list=24%, signal=32%","56898/6999/83752/5191/51268/594/171586/1579/58510/23600/8309/26063/5106/3176/37/3425/55258/8942/2746/131669/2166/64174/2168/3712/64087/5973/9942/1592/2109/2653/4846/64577/27034/1666/6898/2639/27165/383/4329/144193/64902/197257/8647/55268/51390/66002/5444/414328/80724/10478/283927/23175/51540/1757/5860/2752/2954/8529/642/5053/10840/4143/51380/169355/56267/137872/10247/1036/36/84830/5446/84693/4051/4942/10841/152926/23498/112817/123688/275/23659/3081/84129/189/2875/10157/440503/875/102724560/51181/1428/3242/8564"
"GO:0046395","carboxylic acid catabolic process",227,-0.381258670145595,-1.99005191677099,2.42663374964545e-08,1.29080582999898e-05,1.09508861933191e-05,3775,"tags=41%, list=24%, signal=32%","56898/6999/83752/5191/51268/594/171586/1579/58510/23600/8309/26063/5106/3176/37/3425/55258/8942/2746/131669/2166/64174/2168/3712/64087/5973/9942/1592/2109/2653/4846/64577/27034/1666/6898/2639/27165/383/4329/144193/64902/197257/8647/55268/51390/66002/5444/414328/80724/10478/283927/23175/51540/1757/5860/2752/2954/8529/642/5053/10840/4143/51380/169355/56267/137872/10247/1036/36/84830/5446/84693/4051/4942/10841/152926/23498/112817/123688/275/23659/3081/84129/189/2875/10157/440503/875/102724560/51181/1428/3242/8564"
"GO:0170033","L-amino acid metabolic process",163,-0.41697369828481,-2.09873193500904,4.01600726859187e-08,1.79435265481252e-05,1.52228563404827e-05,3196,"tags=45%, list=21%, signal=36%","4507/2730/6999/5831/51268/162417/468/58510/4522/3176/55258/58478/84245/8942/2746/131669/55256/10249/3712/51151/64087/80017/2653/4846/64577/6898/2639/27165/383/144193/23743/64902/4548/4204/2356/51540/635/143941/374569/5860/2752/2954/435/5053/441024/4143/51380/169355/56267/137872/570/2729/10247/112398/1036/4942/10841/23498/275/56954/4524/1373/1491/2678/3081/189/2875/10157/445/875/102724560/27232/3242/8564"
"GO:0007033","vacuole organization",223,0.404189705147496,1.95022387447245,4.28039075274403e-08,1.79435265481252e-05,1.52228563404827e-05,3259,"tags=39%, list=21%, signal=31%","55353/2048/5287/79837/29978/10533/65082/51606/7879/10159/950/9637/128866/6048/26175/91782/9296/65018/57132/5899/3920/64422/523/81876/29979/1200/1509/11337/60673/51375/9474/5532/2896/2475/51715/5305/57192/2131/81631/55647/51100/51382/252839/55737/8406/137886/4124/8720/11345/8987/51510/79142/3916/8678/22930/5663/57617/10043/55004/5538/1201/165324/302/64112/7030/2629/55968/533/23557/3074/55207/79158/25978/7942/7805/339122/115201/411/79065/527/535/2583/9897/147007/55054/9531/57533"
"GO:0055080","monoatomic cation homeostasis",470,0.333507467320861,1.76370942807083,4.37570757139442e-08,1.79435265481252e-05,1.52228563404827e-05,3693,"tags=35%, list=24%, signal=28%","483/55847/27032/55013/10518/476/55151/8992/254428/526/27020/796/27069/351/6622/6356/2132/7226/79734/29887/133308/65082/7531/326343/51606/7879/10159/6368/56833/2907/6507/30968/54499/2495/55177/7052/6786/6280/5910/8614/5166/729230/9296/144811/5581/567/9114/220002/2247/3920/523/57419/10539/4756/4499/90550/7504/79689/1318/9474/7070/2896/4502/57003/59341/578/6363/57192/284612/4493/10989/2131/57217/55647/581/7474/5594/51382/252839/6648/9900/6387/4501/57282/1317/5621/6279/65125/3916/51076/5311/6341/5663/118987/596/5538/79054/1201/8301/7922/6366/388962/5595/805/28952/5291/2512/6560/1353/6781/533/2034/654/23557/3074/4283/3091/1182/2658/6348/57190/4494/79568/26504/6717/7421/23682/23516/506/56172/84679/288/9217/51196/1910/527/535/808/55334/7040/150159/286133/80024/147007/83636/80762/4489/113235/4490/205251/3263/25800/221154/51542/23400/3690/4496/2260/79041/4302/1534/552/9562/5587/2039"
"GO:0043068","positive regulation of programmed cell death",472,0.32984848648247,1.74324907348878,7.2662930578717e-08,2.7810525630161e-05,2.3593781037735e-05,3064,"tags=31%, list=20%, signal=26%","1871/4318/8440/1026/6424/23076/1894/10300/5654/351/6622/9590/6609/7481/9093/10533/196527/3655/253782/10537/5245/9240/84883/10999/57103/51330/7052/1514/6280/1687/10687/1495/3275/5591/84187/8772/8682/10134/3688/65264/57118/10553/5979/5134/5518/1509/322/1676/90529/84034/2896/598/1902/8876/22926/7133/113419/578/3313/11117/54507/10273/581/5580/7474/51776/10550/6648/8848/6878/1499/26123/1917/8406/3329/23087/706/5601/5621/6279/57787/2932/55308/6714/25855/5524/2683/8678/90427/7157/5663/3569/597/150094/8797/596/23612/7153/50486/4824/1717/7262/7043/23787/3635/6422/637/708/11315/338442/51063/5291/64112/5584/7099/3399/81618/133746/10628/2150/4332/1512/8717/7057/10955/1654/10439/6348/142/7704/51657/9521/5978/4853/7098/8738/9040/7421/64581/3491/7805/1613/5770/1965/4313/4776"
"GO:0170040","proteinogenic amino acid catabolic process",64,-0.552844808838684,-2.30671907610175,1.69352369618707e-07,5.71912914106469e-05,4.85197160511305e-05,3341,"tags=53%, list=21%, signal=42%","58510/3176/55258/2746/131669/3712/64087/2653/4846/6898/27165/383/144193/64902/51540/5860/2752/2954/5053/4143/51380/137872/10247/1036/4942/10841/275/3081/189/2875/10157/875/102724560/3242"
"GO:0010638","positive regulation of organelle organization",450,0.325778767362116,1.70909200263706,1.6240698796803e-07,5.71912914106469e-05,4.85197160511305e-05,4068,"tags=38%, list=26%, signal=29%","22843/4478/54361/1490/3181/4318/8440/9700/5159/79837/8607/10300/10928/6622/6356/8447/79734/10574/55845/2885/79594/10575/65018/84722/5581/5217/4076/5899/55604/10109/9793/23208/10602/10787/8829/23580/3320/4137/389/90550/51375/9474/5532/2896/2475/59341/1902/578/5305/57192/22948/581/7474/51100/5594/2017/9948/1499/2237/9727/5898/10361/55737/989/10728/10576/5601/382/5925/57787/2932/10059/9501/6714/1634/387/7408/11135/64223/8678/90427/7157/22930/5216/10043/10015/6836/57606/9908/7043/6366/80821/10730/5595/6422/79035/637/1736/7203/84464/6281/302/64112/7528/6950/10163/117177/22919/49856/2150/5588/4216/940/7014/50807/8550/54732/10810/9587/11065/27302/23397/23075/6742/163786/1017/9530/10146/7013/9314/1639/154796/1778/10801/90019/4733/7039/55755/6249/6491/140609/6188/55971/4771/23272/54708/6790/3055/26277/9026/8396/961/5587/3984/5027/8936/6386/22998/6385/2316/10856/3553/7405/908/8877/4882/140775/6886/9525/9738"
"GO:0043254","regulation of protein-containing complex assembly",384,0.34104489877072,1.76043523672647,2.82986997397913e-07,8.94961939894835e-05,7.59264183920535e-05,3700,"tags=38%, list=24%, signal=29%","4478/6403/8440/6622/136319/6356/65082/29922/64853/55845/10092/2885/830/5781/65018/84722/5581/5217/5899/822/3920/647087/55604/10109/9793/10602/24144/10787/23580/6812/3320/25921/4137/389/84079/2475/1366/55142/7376/8195/84962/578/201292/11074/10273/581/5580/51100/2017/134510/55737/5830/54930/5601/382/5925/57787/2932/6047/91663/1452/6714/387/7408/11135/64223/9780/11078/90427/21/7157/11076/79184/57617/5216/9641/2059/57606/6366/637/11315/54751/27072/2288/29766/2629/7099/81873/57600/22919/24139/29767/1410/1654/143098/23271/58497/4210/83700/5610/27124/54434/7341/3925/64581/9530/7013/3021/6840/1639/3020/23521/9636/7040/7114/4733/23176/9829/55755/7111/81857/8543/8775/6249/7453/1955/140609/205251/6188/55971/1981/56681/22924/6904/6855/6711/3055/3312/10565/56926/9026/5587/2039/57580"
"GO:0043065","positive regulation of apoptotic process",458,0.320493632467139,1.68371759031223,2.96190156035567e-07,8.94961939894835e-05,7.59264183920535e-05,2685,"tags=28%, list=17%, signal=24%","1871/4318/8440/6424/23076/1894/10300/5654/351/6622/9590/6609/7481/9093/10533/196527/3655/253782/10537/5245/9240/84883/10999/57103/51330/7052/1514/6280/1687/10687/1495/3275/5591/8772/8682/10134/3688/65264/57118/5979/5134/5518/1509/322/1676/90529/84034/2896/598/1902/8876/22926/7133/113419/578/3313/11117/54507/10273/581/5580/7474/51776/10550/6648/8848/6878/1499/26123/1917/8406/3329/23087/706/5601/5621/6279/2932/55308/6714/25855/5524/2683/8678/90427/7157/5663/3569/597/150094/8797/596/23612/7153/50486/4824/7262/7043/23787/3635/6422/637/708/11315/338442/51063/5291/64112/5584/7099/3399/81618/133746/10628/4332/1512/8717/7057/10955/1654/10439/6348/7704/51657/9521/5978/4853/7098"
"GO:0016236","macroautophagy",349,0.34369679374291,1.75422847824116,5.60345969104932e-07,0.000160847310431571,0.000136458989423606,3278,"tags=34%, list=21%, signal=27%","2048/5287/8992/79837/526/143187/5768/29978/10533/7319/65082/51606/7879/9637/57103/128866/10490/6048/79594/10193/91782/65018/9114/58533/57132/5899/3920/64422/523/81876/29979/1457/162427/1509/529/11337/60673/6721/51375/9474/2475/51715/5305/57192/81631/7251/10273/5049/51100/51382/2017/79137/55737/137886/706/5563/5830/11345/8987/51510/79142/60592/10059/6714/8673/1634/65992/26073/64771/8678/7157/143686/8027/11267/22930/5663/10043/10015/60412/1201/84313/9559/5595/165324/27072/292/64112/2629/56893/55968/137492/53349/533/23557/3091/55207/2597/27244/8517/84219/25934/25978/90423/339122/115201/23265/1965/79065/51322/527/535/80700/55054/23367/9531/57533/139341"
"GO:2001234","negative regulation of apoptotic signaling pathway",199,0.393797408100163,1.87341291741021,6.62162964630386e-07,0.00018102274190205,0.000153575340217784,4335,"tags=45%, list=28%, signal=33%","57007/54361/90993/4318/4282/27069/54978/8531/3685/10197/2537/3655/219699/5607/2907/2023/65018/64114/1495/2247/8829/8682/8321/10488/1457/754/51060/598/578/51499/4150/117584/581/2017/6648/6387/90/1499/4929/80196/8870/5925/2932/2139/6714/960/5663/2876/596/56917/637/672/11315/292/5291/2243/7057/3091/1654/6615/26574/10105/10413/9479/9529/9314/5770/2266/624/1459/5716/3148/50484/9181/1191/7417/3553/7009/3301/7001/10399/6478/55179/648/22954/27166/2950/4000/10771"
"GO:0090150","establishment of protein localization to membrane",250,0.370449228834821,1.81153976443501,7.63719302954816e-07,0.000199296023557436,0.000169077952859901,4344,"tags=39%, list=28%, signal=29%","23180/51201/6029/27032/51114/100507582/100133941/7879/950/55831/93380/51304/23463/128866/10430/55670/54499/56851/284361/439/10328/10791/408050/85377/4905/64422/90196/3320/91461/57003/56993/22883/10890/581/6726/2040/283820/79683/9727/55737/23420/5830/5621/65125/56288/55146/9581/22930/55969/1201/25813/23787/51234/7485/637/64112/56850/5584/117177/582/137492/50807/26517/8266/653361/161176/79568/51125/29928/6727/100131208/54557/11031/288/253832/26515/64108/51762/9868/3753/6711/56926/2039/5824/6386/208/23065/3689/54503/537/10399/22844/285966/4580/10434/23513/63971/9847"
"GO:0019058","viral life cycle",285,0.359111795188347,1.79541877101525,8.23371051537739e-07,0.000205520574212094,0.0001743587119206,3951,"tags=37%, list=25%, signal=28%","11043/684/6590/6520/286827/8724/6780/6609/3838/6510/3685/104/7879/950/9213/5245/128866/5125/1514/4939/91782/201626/57132/6993/5806/81876/8829/3688/7913/5817/3326/5045/51495/9474/6404/11074/7251/4599/867/2040/975/1915/3839/55128/51510/57169/2621/3916/6714/8673/7301/1605/9023/57617/10015/596/7153/1604/682/10542/1642/4940/156/137492/53349/5093/940/55207/1654/3673/24138/5359/5886/200316/942/3693/5610/6598/25978/339122/56829/9217/1508/9636/25893/50848/55054/9218/89870/23367/6541/27074/26986/6347/23272/3690/440275/3312/103/23633/90861/3921/6732/1803/7405/5818"
"GO:0009072","aromatic amino acid metabolic process",34,-0.632250718188226,-2.29479079729077,1.09551040709753e-06,0.000262055218631121,0.000222321344457906,3155,"tags=56%, list=20%, signal=45%","3176/8942/131669/51151/6898/2639/144193/143941/5860/2954/5053/441024/169355/7166/10841/23498/3081/3242/8564"
"GO:1902221","erythrose 4-phosphate/phosphoenolpyruvate family amino acid metabolic process",23,-0.721478442935103,-2.3576154264298,1.26586297719407e-06,0.000279512282771969,0.00023713149779259,2907,"tags=57%, list=19%, signal=46%","8942/51151/6898/2639/143941/5860/2954/5053/169355/23498/3081/3242/8564"
"GO:0031334","positive regulation of protein-containing complex assembly",180,0.400620223636078,1.88022126000669,1.22988806784455e-06,0.000279512282771969,0.00023713149779259,3401,"tags=40%, list=22%, signal=32%","4478/8440/6622/6356/55845/2885/65018/84722/5581/5217/647087/55604/10109/9793/10602/10787/23580/3320/25921/4137/389/2475/7376/84962/578/201292/10273/581/51100/2017/5601/382/57787/2932/6714/387/7408/11135/64223/9780/90427/21/7157/11076/79184/5216/57606/6366/637/11315/7099/57600/22919/1654/143098/7341/64581/9530/7013/1639/9636/7040/4733/55755/81857/6249/7453/140609/205251/6188/55971/1981"
"GO:0044282","small molecule catabolic process",334,-0.309994258124632,-1.68267933169583,1.71292458792634e-06,0.000364218520714263,0.000308994232683632,3373,"tags=33%, list=22%, signal=26%","1579/8074/58510/23600/8309/26063/5106/3176/37/2526/3425/55258/8942/2746/131669/4835/51302/2166/64174/2168/3712/64087/5973/9942/1592/2109/978/2653/4846/64577/27034/11165/1666/6898/217/2639/7498/27165/383/4329/144193/64902/197257/8647/55268/51390/66002/5444/414328/80724/10478/6818/283927/23175/51540/1757/5860/2752/2954/8529/642/5053/10840/1581/4143/51380/169355/256356/1594/56267/137872/132158/10247/1036/36/2582/84830/5446/84693/4051/4942/10841/152926/23498/112817/1543/26007/123688/275/23659/229/57834/8578/3081/84129/189/2875/10157/440503/875/102724560/51181/10858/1428/3242/1576/55811/6799/8564"
"GO:0007042","lysosomal lumen acidification",24,0.704936117033039,2.28061799042844,2.91538082529035e-06,0.000577144873034203,0.000489635828624989,3160,"tags=67%, list=20%, signal=53%","51606/10159/9296/3920/523/2896/51382/252839/3916/5538/1201/533/23557/527/535/147007"
"GO:0098771","inorganic ion homeostasis",412,0.320637011037068,1.66443561832217,2.90570406367024e-06,0.000577144873034203,0.000489635828624989,3578,"tags=33%, list=23%, signal=26%","483/55847/27032/55013/10518/476/55151/6424/254428/27020/771/796/27069/351/6622/6356/2132/7226/79734/29887/133308/7531/326343/9213/6368/2907/6507/30968/54499/2495/55177/7052/6786/6280/5910/8614/729230/5581/567/9114/220002/2247/523/57419/10539/4756/4499/90550/7504/79689/1318/9474/7070/4502/57003/59341/578/6363/57192/284612/4493/10989/2131/57217/581/7474/6648/9900/6387/4501/1317/27347/5621/6279/65125/51076/5311/6341/5663/118987/596/79054/1201/8301/7922/6366/388962/805/28952/5291/2512/6916/6560/6781/2034/654/3074/4283/3091/2658/6348/57190/4494/79568/26504/6717/7421/23516/56172/288/9217/51196/1910/808/55334/7040/286133/80024/147007/83636/80762/4489/113235/4490/205251/3263/25800/221154/51542/23400/9368/3690/4496/2260/79041/4302/1534"
"GO:0045048","protein insertion into ER membrane",29,0.667899679541018,2.27502322002948,3.29189640329877e-06,0.000629959241711275,0.00053444226870398,2497,"tags=59%, list=16%, signal=49%","55831/93380/10430/54499/56851/284361/439/10328/408050/57003/283820/23420/65125/55969/51234/7485/8266"
"GO:2001233","regulation of apoptotic signaling pathway",338,0.332991646918664,1.69397163563182,4.27271739396675e-06,0.000791279695443971,0.00067130266152408,4337,"tags=41%, list=28%, signal=30%","57007/54361/90993/4318/8440/4282/27069/54978/351/8531/3685/10197/2537/3655/219699/5607/2907/2023/51330/1514/6280/1687/65018/64114/1495/2247/8772/8829/29979/8682/8321/10134/10488/1457/5979/5518/754/51060/598/8876/578/51499/4150/117584/581/5580/7474/2017/6648/6387/90/6878/10961/1499/4929/8406/80196/8870/5601/5925/6279/2932/1621/2139/6714/8678/7157/960/5663/2876/596/50486/4824/56917/6422/637/672/11315/292/5291/7099/81618/1512/2243/7057/10955/3091/1654/6615/142/51657/26574/9521/10105/10413/8738/9479/9529/114971/9314/5770/2266/4313/4776/624/5499/6188/9368/84231/138151/1459/2213/5716/3148/50484/9181/1191/7164/7417/3553/7009/3301/1075/7001/10399/4763/6478/8600/55179/648/22954/3932/27166/2950/4000/10771/51588"
"GO:0007040","lysosome organization",106,0.448878860069511,1.93828116339734,4.68161166840171e-06,0.000814458563281643,0.000690967055492654,3160,"tags=43%, list=20%, signal=35%","55353/65082/51606/7879/10159/950/128866/26175/91782/9296/57132/3920/523/1200/5532/2896/2475/57192/55647/51382/252839/55737/8406/8720/51510/3916/8678/57617/55004/5538/1201/7030/2629/533/23557/3074/55207/79158/25978/7942/7805/411/527/535/9897/147007"
"GO:0080171","lytic vacuole organization",106,0.448878860069511,1.93828116339734,4.68161166840171e-06,0.000814458563281643,0.000690967055492654,3160,"tags=43%, list=20%, signal=35%","55353/65082/51606/7879/10159/950/128866/26175/91782/9296/57132/3920/523/1200/5532/2896/2475/57192/55647/51382/252839/55737/8406/8720/51510/3916/8678/57617/55004/5538/1201/7030/2629/533/23557/3074/55207/79158/25978/7942/7805/411/527/535/9897/147007"
"GO:0060627","regulation of vesicle-mediated transport",455,0.305416966597727,1.6053338123867,7.08134738777837e-06,0.00119570633391869,0.00101440849421828,4124,"tags=36%, list=26%, signal=27%","51201/4478/27032/2619/6424/8573/8724/351/6622/29978/6609/8447/9846/3685/5530/977/196527/8934/7879/57126/7052/10326/26175/967/729230/567/5217/11252/4905/64422/5806/8291/23208/8829/29934/6812/57118/8372/91461/84079/613/5604/23154/9474/5532/7376/1902/55182/6363/9784/7251/23327/7474/5594/867/91683/9805/9727/5898/84961/10079/23011/8720/382/1609/54521/2621/11314/3916/9501/6714/636/8673/1173/30844/8027/11267/9581/22930/929/5663/57617/10015/64780/5538/1201/57586/8301/257364/6366/4983/7275/5595/11315/5291/6281/302/56850/4043/8976/2150/2243/1175/2212/396/3673/1861/55061/55255/5978/5359/84058/30846/51479/64581/79363/5770/11031/2266/27236/23317/3092/51760/7040/90019/7097/94121/9829/2624/192683/4771/10211/160/80230/23400/6347/3690/140885/2358/3055/3312/55646/2213/9026/961/5587/3601/200933/64127/6093/10938/6386/1191/6385/10461/3689/29904/8877/140775/11151/9525/10399/5908/1601/3600"
"GO:1990778","protein localization to cell periphery",310,0.331431753665176,1.67052940579604,9.41769648881624e-06,0.0015447713012084,0.00131054681665422,4516,"tags=41%, list=29%, signal=30%","51201/116372/84687/483/27032/2048/3767/4323/6622/8934/7879/950/81831/51304/391/10490/145567/64114/5581/10791/4905/90196/5911/6812/25921/3688/7162/91461/11337/102/598/83786/57217/22883/9528/10890/10550/9727/975/55022/55737/11004/5621/382/245812/65125/91663/2621/8673/10484/55146/1173/30844/1605/9581/23167/1201/8301/2239/682/23433/7275/4644/10082/403/6281/56850/5584/5318/2770/582/27237/50807/10959/10439/2319/3611/22841/51125/3799/30846/23682/9530/11031/288/7040/30845/50848/246329/784/1981/10211/9368/54997/6711/9179/23136/200894/5716/30818/6093/10938/9914/208/2316/51735/84668/5780/537/10399/10640/1601/8417/64398/26060/9482/10434/23513/63971/9847/2810/6769/2258/3675/83871/7430/29899"
"GO:0006520","amino acid metabolic process",260,-0.316568325650364,-1.68438036614786,1.04313715003686e-05,0.00166351399398934,0.0014112852611756,3078,"tags=33%, list=20%, signal=27%","2271/55258/58478/4594/84245/79587/132949/8942/2746/131669/55256/10249/3712/51151/64087/80017/2109/2653/4846/64577/27034/6898/2639/27165/383/4329/144193/23743/64902/4548/4204/2356/51540/635/1757/143941/374569/1615/5860/2752/54938/2954/435/642/57176/5053/441024/4143/23438/51380/169355/56267/7166/137872/570/80755/2729/10247/112398/1036/36/123283/4942/10841/152926/23498/112817/123688/275/56954/4524/1373/1491/2678/3081/189/95/2875/10157/445/875/102724560/27232/55556/1428/3242/8564"
"GO:0022411","cellular component disassembly",396,0.313259701073889,1.62703241664895,1.20560893137974e-05,0.00187064888514894,0.00158701352076644,4056,"tags=36%, list=26%, signal=28%","84687/4318/4323/10226/10300/136319/6749/10973/65082/10269/4134/128866/830/6418/1072/91782/2935/57132/822/3920/4905/54541/55604/9793/24144/29979/3688/9507/11337/5045/1676/1845/9474/102/59341/6597/3915/57192/81631/7251/8562/327/780/2022/581/143244/9948/5048/11004/25898/10767/5563/5830/11345/382/3796/51510/65125/55325/54516/79142/4320/2932/4324/4778/8673/65992/11078/8678/83743/10043/3569/64780/2059/1201/7153/146909/4130/7043/138428/170689/55201/64802/29766/9448/2629/56893/10154/2043/285590/2150/84340/4317/29767/23557/4241/23271/2107/55776/3799/23075/6598/25978/3925/55239/11198/26586/9100/6840/1639/4313/22974/7040/25893/8751/6601/9829/7111/8775/10211/51542/23708/6711/712/128077/6790/10630/28985/3312/5976/347240/2039/9181/9682/123/7443/1803/7405/29904/5828/4528/140775/9525/10399"
"GO:0051656","establishment of organelle localization",420,0.303916234127382,1.57975064337325,1.46969591729148e-05,0.00222040112136063,0.0018837349056254,3462,"tags=30%, list=22%, signal=24%","9700/9371/1894/29127/55770/6622/150465/92558/9846/23291/7879/4134/128866/5901/90417/1072/91782/65018/84722/10579/84984/57132/284021/6993/23208/6812/3688/4137/84823/54820/2697/126003/282991/4645/118426/26115/553115/6867/8195/10948/3996/10128/55860/11235/7251/4927/867/3800/1499/5048/11004/10972/10079/137886/51510/5925/3619/56288/1063/11314/10059/3916/636/8673/729991/29058/8013/8678/8027/11267/5663/10015/60412/1201/4744/161424/8301/22920/3281/26985/10749/4644/55201/23303/54874/55968/81/22919/8976/27095/11127/83930/23557/54732/3091/10959/1861/119032/5537/891/161176/84142/8517/3799/25978/10252/9183/7846/7013/23265/1639/1778/25893/55755/2624/10540/113130/54536/23299/56681/7534/57082/23400/23212/9368/23233"
"GO:0008206","bile acid metabolic process",44,-0.548630693745721,-2.10621661564429,1.79844394691919e-05,0.00233837618212093,0.00198382210960378,3270,"tags=45%, list=21%, signal=36%","23600/8309/2494/51302/114881/2264/8647/114876/1109/134429/1581/114883/64801/570/9572/5629/57704/9420/10998/10858"
"GO:1904375","regulation of protein localization to cell periphery",135,0.407551201170176,1.83807219502984,1.83290242458529e-05,0.00233837618212093,0.00198382210960378,2887,"tags=33%, list=19%, signal=27%","51201/116372/84687/27032/2048/3767/4323/6622/81831/391/10490/64114/5581/25921/3688/91461/11337/102/598/9528/55022/55737/11004/5621/382/245812/65125/8673/1173/1605/1201/8301/2239/23433/10082/56850/5584/2770/27237/10959/10439/22841/3799/23682"
"GO:0051701","biological process involved in interaction with host",172,0.384813573258715,1.78832046418916,1.5936100627588e-05,0.00233837618212093,0.00198382210960378,3190,"tags=33%, list=20%, signal=26%","11043/6520/286827/8724/55770/6609/6510/3685/7879/950/9213/5245/128866/1514/91782/57132/6993/5806/8829/3688/5817/3326/5045/6404/11074/7251/867/975/3839/55128/51510/2621/3916/6714/8673/7301/1605/9023/8678/57617/1604/682/1642/156/55207/3673/5359/942/3693/25978/23265/9217/1508/25893/50848/9218"
"GO:0033674","positive regulation of kinase activity",208,0.366571160589169,1.75061134511542,1.81268283569022e-05,0.00233837618212093,0.00198382210960378,3566,"tags=33%, list=23%, signal=26%","5154/8754/285489/1026/5159/4282/1894/796/143384/6622/100133941/57103/2547/6997/51704/896/65018/84722/5899/2247/353514/3320/2200/4137/5604/6363/11235/5580/7474/10961/1917/219771/5621/2011/51719/10006/1116/2621/6714/387/51347/8797/6283/805/7099/2043/6091/8792/4216/80829/7057/1654/1436/7098/10920/3491/5770/1856/808/22974/146433/894/9770/8543/6188/22924/3690/2260/23531"
"GO:0071674","mononuclear cell migration",185,0.368356427816846,1.73331374200169,1.80888565414907e-05,0.00233837618212093,0.00198382210960378,3530,"tags=36%, list=23%, signal=28%","4920/4478/58191/4282/4323/796/351/7226/196527/6368/56833/1901/729230/8772/10488/79647/284114/613/5979/102/59341/6363/11117/2131/7474/5594/6387/975/27347/65125/2621/387/9023/2683/4814/3569/6693/2059/719/6283/1398/6366/5595/708/2629/2770/8976/4192/8792/7057/6348/1436/83700/1843/4313/1910/23521/7040/146433/50848/80024/5025/6347/3690/140885/2358"
"GO:0030100","regulation of endocytosis",261,0.339477019153678,1.66816148888403,1.83273388235262e-05,0.00233837618212093,0.00198382210960378,4409,"tags=42%, list=28%, signal=31%","6424/8724/351/6622/29978/6609/3685/5530/977/196527/57126/7052/10326/967/567/11252/64422/5806/8291/23208/29934/57118/613/23154/9474/5532/7376/1902/55182/6363/9784/7251/23327/7474/867/5898/23011/382/1609/2621/11314/6714/636/1173/30844/929/5538/1201/8301/257364/6366/4983/7275/11315/5291/302/4043/8976/2150/1175/2212/3673/1861/55061/5359/84058/51479/64581/5770/11031/3092/51760/7040/7097/9829/2624/192683/10211/160/80230/6347/3690/140885/2358/3055/3312/55646/2213/9026/961/5587/3601/64127/6093/6386/1191/10461/29904/8877/10399/1601/3600/26060/2719/10960/84062/22848/23513/124930/5873"
"GO:0009611","response to wounding",482,0.294205742015763,1.5556173899201,1.747926251849e-05,0.00233837618212093,0.00198382210960378,4060,"tags=36%, list=26%, signal=28%","5154/6403/966/2048/29071/54361/1490/1026/5467/8573/308/6609/2717/3685/3371/5530/977/196527/89790/5156/11057/8324/128866/6507/51330/65078/7414/203859/221477/91782/729230/5581/5270/2768/57132/1495/51156/2247/114897/79987/23208/8829/6812/11234/3688/4756/389/146760/5604/84034/2896/23657/2475/84962/11117/2131/11235/2735/780/2022/581/5580/7474/6648/81027/6915/199731/55959/1289/8840/706/1281/94/5601/1609/10019/51510/9158/22846/29956/2621/6714/387/7301/1605/2683/960/2677/2876/3569/596/1398/57175/171389/23767/2252/337/64802/5291/6281/3691/302/7099/83478/10855/2043/81542/2150/4192/2243/5588/7057/6484/3091/55207/3673/1861/4147/3611/57413/4853/7098/10413/5359/3693/5051/57591/25978/64581/3491/5905/4772/9314/2266/4313/27346/7040/50848/79602/10544/840/94121/5025/2624/1809/79803/84750/5547/7056/3690/4099/6790/10630/678/3913/10565/118812/2192/2039/5328/140/1719/8428/79056/6385/2316/2152/10461/4882/7001/5754/3172/9525/4763"
"GO:0051205","protein insertion into membrane",40,0.576140670391488,2.08573256297284,1.91467778324515e-05,0.00238960112035009,0.00202728011512021,2716,"tags=50%, list=17%, signal=41%","55831/93380/10430/54499/56851/284361/439/10328/408050/57003/581/283820/23420/65125/55969/51234/7485/64112/8266/79568"
"GO:0002250","adaptive immune response",470,0.299407676543569,1.5833772664785,2.22951113951203e-05,0.00272332413871033,0.00231040269709343,3630,"tags=32%, list=23%, signal=25%","23180/28816/9173/28457/2048/28893/28388/9214/28938/28912/28772/89790/28908/5245/28813/28452/3133/28913/1514/28299/28920/28434/729230/567/28442/84876/10758/28439/79987/8772/102723169/28803/23765/28424/28448/28774/5817/100423062/7532/28941/28394/50615/28797/3494/28930/5532/2475/3140/7133/6363/10148/28823/57192/84868/28940/28784/28473/28776/165918/28817/5580/80328/3500/975/28392/3329/51752/28796/7374/3501/6776/3662/28423/28385/3569/6693/28450/28935/28815/28906/1604/54542/79465/3106/28825/8741/220972/3635/708/7030/28395/10538/7099/57289/100/5585/3539/28923/3575/55611/1512/127544/8792/2243/5588/940/2212/27242/6494/55061/3507/28793/3716/54941/942/28408/83700/23075/64581/89857/28919/7942/4092/64218/28921/64170/10068/51311/7040/28410/80762/28822/84542/3554/23108/27074/3263/23529/925/56957/3105/28778/712/2210/64167/440275/3312/2213/3514/926"
"GO:0042176","regulation of protein catabolic process",340,0.317526172034675,1.62037789065384,2.38865516395564e-05,0.00285693110338945,0.00242375163237341,4248,"tags=36%, list=27%, signal=27%","55353/51201/135644/4478/10755/8754/6613/8724/351/6622/29978/10533/10197/7879/5245/26232/10193/65018/5270/2768/4905/29979/29934/5708/3320/10134/9827/1457/3326/84236/11337/5045/55270/113451/7133/9686/1595/4946/10273/23327/7474/28951/252839/975/1915/1917/55737/25898/84961/8870/11345/5601/23450/122809/2932/1452/1050/8078/57761/65992/11267/5300/4953/5663/2876/4130/5476/257364/4983/5707/165324/11315/1642/302/2629/56893/5720/5887/81542/51582/51035/3093/5523/26262/5886/9730/7341/9529/1017/4092/51322/51667/80762/54971/10869/8667/27074/54972/27351/23400/79699/6790/1459/5716/5700/6093/1191/2316/51343/3553/26263/10399/29761/9655/1601/160418/369/22954/57095/2719/10213/580/10459"
"GO:0045860","positive regulation of protein kinase activity",194,0.368264337712684,1.74251252325892,2.54713827901874e-05,0.00293179743546739,0.00248726642780143,3566,"tags=34%, list=23%, signal=26%","5154/8754/285489/1026/5159/4282/1894/796/143384/6622/100133941/2547/6997/51704/896/65018/84722/5899/2247/353514/3320/2200/5604/6363/11235/5580/7474/10961/219771/5621/2011/51719/10006/1116/2621/6714/387/51347/8797/6283/805/7099/2043/6091/8792/4216/80829/7057/1654/1436/7098/10920/3491/5770/1856/808/22974/146433/894/9770/6188/22924/3690/2260/23531"
"GO:0051347","positive regulation of transferase activity",249,0.348470168088111,1.70316479982426,2.59294179880022e-05,0.00293179743546739,0.00248726642780143,4145,"tags=37%, list=27%, signal=28%","5154/8754/285489/1026/5159/4282/1894/796/143384/6622/100133941/57103/2547/6997/51704/91947/896/65018/84722/5899/2247/353514/5982/27338/3320/2200/4137/5604/6363/11235/10273/5580/7474/10961/1917/219771/5558/5621/2011/51719/10006/1116/2621/6714/387/57761/5920/51347/8797/6283/337/805/7099/2043/6091/8792/4216/80829/7057/5984/1654/1436/11065/7098/10920/3491/5770/1856/808/22974/146433/894/9770/8543/6188/7329/22924/3690/2260/23531/5716/7332/7164/5111/51343/3553/7520/6187/8600/648/1062/5728"
"GO:0010506","regulation of autophagy",339,0.321593526420633,1.6378228009932,2.60445339154915e-05,0.00293179743546739,0.00248726642780143,3949,"tags=38%, list=25%, signal=29%","55847/11043/8992/79837/526/5768/6622/55332/29978/23677/7319/51606/8140/10269/9637/57103/128866/6048/79594/10193/65018/9114/58533/5899/10670/523/25853/29979/5660/4137/1457/529/60673/6721/51375/9474/2475/598/22926/5305/201292/9528/10273/5049/51100/51382/2017/1915/1917/55737/219771/706/5563/1982/55128/65125/79142/60592/2932/10059/1634/57761/65992/26073/64223/8678/90427/7157/143686/22930/10043/57521/60412/596/1201/58528/5476/171389/9559/5595/1611/11315/292/5291/64112/2629/56893/533/92140/3091/2597/27244/4210/55255/8517/84219/90423/7942/1613/23265/9100/51322/527/535/25893/55054/3607/23367/9531/57533/27074/1981/23400/128338/1459/9776/8396/5587/23770/9682/64127/6093/9517/3587/7416/56834/7405/10456"
"GO:0051156","glucose 6-phosphate metabolic process",27,0.645420596302013,2.15777516394049,2.77122457210284e-05,0.003059538513162,0.00259563888565179,2263,"tags=48%, list=15%, signal=41%","80201/6120/7086/57103/3098/5226/5634/2475/64223/7157/2539/57521/64080"
"GO:0051338","regulation of transferase activity",451,0.299711933587394,1.57325259031551,3.15100021563147e-05,0.00341318721470571,0.00289566593797951,4474,"tags=37%, list=29%, signal=27%","22843/5154/2048/8754/285489/1026/5159/4282/1894/796/143384/6622/6609/9093/104/100133941/1033/64853/56833/57103/2547/6997/51704/91947/896/65018/84722/58533/5899/2247/353514/5982/27338/3320/2200/4137/7532/5604/151636/1845/7070/6363/55181/11235/7251/10273/5580/7474/28951/10961/171392/1917/219771/51527/5558/5621/122809/5925/2011/27013/51719/10006/1116/2932/2621/11314/6714/387/57761/5920/11329/5663/51347/8797/6283/84313/55527/9052/337/805/2629/7099/9961/2043/993/6091/8792/4216/80829/7057/144097/10527/5984/1654/1436/11065/7098/10920/1843/9479/3491/9529/1849/4092/5770/1856/808/22974/146433/894/9770/8543/7453/11142/6188/7329/9368/22924/3690/2260/8844/23531/27250/26277/5716/2965/23603/103/3984/29950/29982/7332/7164/5111/51343/3553/7405/54969/3301/7520/339123/6187/4763/8600/9655/648/89801/7515/1062/5728/11122/10459/64793/2950/84062/8536/51191/8312/8850/2810/11213/9175/2690/10454/991/650"
"GO:0007035","vacuolar acidification",33,0.607069573389633,2.12078765418436,3.26119883580213e-05,0.00346713750302593,0.00294143606496227,3160,"tags=58%, list=20%, signal=46%","8992/526/51606/10159/9296/9114/3920/523/2896/51382/252839/3916/5538/1201/533/23557/527/535/147007"
"GO:0009074","aromatic amino acid family catabolic process",23,-0.663878701841608,-2.16939353360659,3.39115711560143e-05,0.00353975145466687,0.00300303999500245,3155,"tags=61%, list=20%, signal=49%","3176/8942/131669/6898/144193/5860/2954/5053/169355/10841/23498/3081/3242/8564"
"GO:0001704","formation of primary germ layer",98,0.435836001820479,1.86522518153054,3.68428982207899e-05,0.00377705497652776,0.00320436259525554,3520,"tags=47%, list=23%, signal=37%","3914/4318/4323/2132/7481/3685/1303/8324/2885/1284/4087/7296/3688/2697/5604/8019/7474/90/1499/84913/1289/1290/4324/2139/2296/60412/3281/657/3691/3909/4086/4317/6615/3673/23168/3693/1843/9314/4313/89870/123169/23275/4771/1844/3690/2260"
"GO:0007369","gastrulation",154,0.387145891888876,1.78003491100764,3.77564607492167e-05,0.00380280423089918,0.00322620764333565,4658,"tags=52%, list=30%, signal=37%","3914/4318/4323/2132/7481/3685/1303/8324/5607/2885/1284/4087/7296/3688/2697/5604/8195/8019/2131/7474/90/1499/84913/1289/1290/65125/91663/4324/2139/1605/2296/8013/7157/60412/3281/6422/657/3691/3909/4086/7048/4317/6615/3673/7358/23168/3693/1843/9314/1856/154796/4313/85474/89870/60436/123169/23275/4771/1844/60626/23272/3690/2260/659/3689/6886/3172/10399/81029/1847/2719/5573/8312/8452/1738/3675/2821/1954/9646/4041"
"GO:0051493","regulation of cytoskeleton organization",468,0.295938075219214,1.56324925366902,3.92060791322929e-05,0.00388072586721541,0.00329231448539237,3881,"tags=34%, list=25%, signal=26%","22843/5154/684/54361/1490/8440/5159/1894/29984/10300/6622/136319/6356/7226/4591/29922/5156/55845/10092/128866/2885/391/830/1901/6280/91782/84722/5581/5217/57132/822/55604/10109/9793/10602/10787/8829/23580/55616/4137/389/2475/55142/59341/1902/8195/85360/2764/5580/5594/2017/6387/9948/5048/5898/1104/5563/54930/382/55521/51510/6279/2011/2932/6047/91663/636/387/7408/11135/64223/11078/11076/5216/54509/2059/1201/57606/6050/4130/7043/1398/57175/6366/23433/5595/6422/55201/672/2288/6281/29766/10163/81873/2770/22919/24139/2150/27237/29767/23370/27289/10810/23271/5999/1436/58497/27302/83700/27124/23075/54434/163786/25978/3925/9530/26586/1613/6840/1639/1856/154796/27236/1778/22974/7040/50848/9897/7114/4733/55755/7111/91624/6249/6491/1955/6188/55971/23299/4771/22924/6904/3690/6711/3055/10565/9026/10460/961/5587/2039/57580/3984/9181/5027/6093/8936/22998/6385/2316"
"GO:0044089","positive regulation of cellular component biogenesis",450,0.29261743541064,1.53512189496561,4.63641748290342e-05,0.00451146996090653,0.00382742260363856,3407,"tags=32%, list=22%, signal=26%","22843/4478/2048/54361/1490/8440/79837/6622/6356/79734/7879/55845/2885/65018/84722/5581/5217/4076/5899/647087/55604/10109/9793/10602/10787/8829/23580/3320/25921/2049/79647/7162/4137/389/10096/51375/9474/7070/2475/7376/1902/84962/578/6363/11117/5305/201292/7251/22883/10273/10097/581/51100/7058/2017/9727/5898/989/139818/94/5601/382/57787/2932/6714/387/7408/11135/26073/64223/9780/1605/8678/90427/21/7157/11076/8027/11267/22930/79184/100528062/5216/10015/2059/57606/9908/7043/6366/23767/10507/23433/6422/637/11315/84464/6281/64112/9448/10163/7099/54874/57600/117177/347902/22919/8976/49856/2150/50807/1654/143098/2658/23075/7341/163786/64581/1017/9530/10146/64218/7013/1639/154796/51196/1778/10801/9636/7040/23242/4733/55755/1809/81857/6249/6491/7453/140609/205251/6188/55971/1981/4771/10211"
"GO:0044403","biological process involved in symbiotic interaction",265,0.332798297449882,1.64096611347754,4.94236972652177e-05,0.00472902409999358,0.00401199030256425,3190,"tags=31%, list=20%, signal=25%","11043/51114/6520/286827/23076/8724/55770/6609/6510/3685/8934/7879/950/9213/5245/128866/1514/1072/91782/8542/57132/6993/5806/8829/3688/5817/3326/5045/6597/6404/11074/7251/867/2040/975/1915/3329/8819/3839/5297/55128/51510/2621/3916/6714/8673/7301/1605/9023/8678/11334/57617/2876/1604/682/171389/1642/156/53349/2150/23435/55207/3673/6348/2597/1436/5978/5359/942/3693/22938/6598/25978/23265/9217/64170/253832/1508/25893/50848/9218"
"GO:0000096","sulfur amino acid metabolic process",32,-0.603416659636122,-2.15692924719236,5.40295961263342e-05,0.00485175840986598,0.00411611513901849,3196,"tags=69%, list=21%, signal=55%","4522/58478/4594/84245/55256/23743/4548/635/642/441024/4143/51380/2729/1036/4524/1373/1491/2678/189/875/102724560/27232"
"GO:0016188","synaptic vesicle maturation",21,0.681189211851846,2.12400853341744,5.21128901729255e-05,0.00485175840986598,0.00411611513901849,3504,"tags=76%, list=22%, signal=59%","526/51606/10159/9296/9114/523/6812/529/51382/8301/23557/1182/253832/527/535/6855"
"GO:0006699","bile acid biosynthetic process",34,-0.568907703190794,-2.06488363592716,5.30712373561511e-05,0.00485175840986598,0.00411611513901849,3270,"tags=50%, list=21%, signal=40%","23600/8309/51302/114881/2264/8647/114876/1109/134429/1581/114883/570/9572/5629/9420/10998/10858"
"GO:0007032","endosome organization",97,0.433337013958137,1.85975895597705,5.44771459441251e-05,0.00485175840986598,0.00411611513901849,3157,"tags=39%, list=20%, signal=31%","55353/8724/143187/29887/51606/7879/10159/950/128866/91782/9296/57132/523/57403/55654/7251/51382/252839/51510/8027/11267/57617/10043/55004/10015/84313/257364/79102/137492/533/1182/25978/23317/527/535/144717/55361/9897"
"GO:1905475","regulation of protein localization to membrane",170,0.368343558390357,1.71266921383718,5.49319450690278e-05,0.00485175840986598,0.00411611513901849,4503,"tags=41%, list=29%, signal=30%","51201/116372/84687/27032/2048/3767/4323/6526/81831/391/10490/64114/5581/25921/3688/91461/11337/23657/102/598/2817/9528/2040/975/55022/11004/5621/382/245812/65125/8673/1173/1605/1201/8301/2239/1398/23433/10082/56850/5584/27237/10959/10439/22841/3799/54434/288/7040/246329/4038/3753/6711/2039/208/3689/5780/10399/1601/8417/285966/26060/9482/2719/10434/9847/2810/6769/3675/7430"
"GO:0051452","intracellular pH reduction",50,0.527930900139597,1.99486604077516,6.07765206999268e-05,0.00528663644451939,0.00448505520380481,3160,"tags=52%, list=20%, signal=42%","8992/526/51606/7879/10159/56833/9296/9114/3920/523/2896/55647/51382/252839/3916/596/5538/1201/533/23557/1182/23682/84679/527/535/147007"
"GO:1902905","positive regulation of supramolecular fiber organization",158,0.373616761405748,1.7204489942899,6.3475172619856e-05,0.00535898479427343,0.00454643380359247,3881,"tags=41%, list=25%, signal=31%","22843/54361/1490/8440/10300/351/6356/79709/55845/2885/84722/5581/5217/55604/10109/9793/10602/10787/8829/23580/4137/389/2475/59341/1902/2017/9948/382/5925/387/7408/11135/64223/5663/2876/5216/57606/7043/6366/6422/6281/10163/22919/2150/10810/27302/23075/9530/1639/154796/4733/55755/6249/6188/55971/4771/3055/961/5587/3984/8936/22998/1191/6385/2316"
"GO:0051051","negative regulation of transport",337,0.311981327384327,1.58776220937085,6.34443650297939e-05,0.00535898479427343,0.00454643380359247,4198,"tags=37%, list=27%, signal=28%","6536/2048/55013/54899/4318/3767/6424/8724/285381/796/6622/29978/3685/5530/7531/7879/5781/10971/729230/5581/5270/11252/64422/8291/23208/29979/29934/8682/4756/91461/84079/2697/613/6721/9474/5532/51715/7376/7133/1595/23409/4946/23327/4828/10550/10961/9727/55022/55737/55917/10079/706/337867/27347/382/65125/51719/11314/23704/8673/5733/596/8301/257364/10681/6422/805/11315/302/6236/100/4043/2150/6781/7057/1410/5999/10105/55255/5978/5359/2564/4790/6717/84058/7341/5905/26297/27236/288/808/7040/7097/80762/94121/91942/192683/11142/2171/9368/3690/6690/140885/3753/2213/961/5587/6386/208/7416/3553/7009/140775/11151/9525/10399/4763/4856/5908/4889/5728/23191/2781/285966/26060"
"GO:0016050","vesicle organization",338,0.311970741240721,1.58703556590385,6.64996794241394e-05,0.00553296608078238,0.00469403534241789,4050,"tags=37%, list=26%, signal=28%","55353/526/8724/6272/143187/6622/8447/29887/65082/8934/51606/7879/10159/950/128866/10490/282809/91782/9296/5270/9114/57132/523/23208/6812/11234/57403/84079/126003/282991/84343/529/553115/5305/55654/7251/55647/51382/252839/1174/5048/8406/10972/84272/51510/3267/9501/8673/10484/1173/8027/11267/57617/10043/55004/10015/6836/596/1201/84313/8301/162/257364/26985/27072/6281/79102/302/5584/54874/8905/137492/8976/27095/533/23557/54732/10959/55207/1182/9570/10981/5537/5552/130340/51479/25978/23682/8676/79363/23317/29916/9217/399979/253832/527/535/144717/55361/90019/9897/10483/9218/23176/25825/79803/56681/57082/80230/23400/6855/3753/10239/8396/23603/5027/6399/6386/6385/7405/8877/9392/23673/11151/537/9525"
"GO:0042327","positive regulation of phosphorylation",386,0.302842970117581,1.56735304979506,7.01296806568266e-05,0.00575163566644059,0.00487954935938551,4142,"tags=34%, list=27%, signal=25%","9294/5154/8754/4318/285489/1026/5159/4282/1894/27020/796/143384/351/10928/6622/100133941/3655/8324/57103/2547/6997/51704/5781/896/65018/84722/5217/5899/2247/353514/8829/5911/3320/2200/4137/79109/5604/2475/6363/11235/5580/7474/5594/90/10961/1917/222658/219771/56005/5621/1609/2011/51719/10006/1116/2621/6714/387/65992/64223/30844/7157/1389/5300/51347/3569/57521/8797/6283/4824/2252/10507/805/11315/23568/2674/7099/57600/2043/6091/8503/8792/4216/80829/654/7057/85442/1654/1436/3093/7098/10920/3491/9530/5770/1856/808/22974/7040/146433/894/7039/9770/8543/6188/1981/10211/4038/7060/22924/3690/2260/23531/5716/9181/64127/6386/22998/7164/10457/3553/10456/8877/7520/10399/8600/1601/3600/1062/369"
"GO:0050900","leukocyte migration",320,0.314857966353853,1.59607969634537,7.21420100874385e-05,0.00583334197059133,0.00494886702260309,3779,"tags=33%, list=24%, signal=26%","4920/4478/6403/58191/4282/4323/796/351/6356/7226/196527/3655/6368/56833/57126/3929/1901/6280/729230/8772/4354/10488/79647/23765/3688/284114/57118/613/90550/5979/7070/102/59341/6363/11117/6404/2131/7474/5594/6387/9948/975/5048/27347/6402/6279/65125/2621/11314/10059/1621/6714/387/9023/2683/4814/3569/6693/2059/9435/719/6283/682/1398/6366/63940/5595/708/2629/100/2770/8976/2150/4192/8792/7057/4283/6484/3673/6348/51119/1436/83700/1843/23075/4313/1910/23521/7040/146433/50848/80024/5025/3554/6374/7060/6347/3690/140885/2358/3055/961/6362/57580/5641/64127/6093"
"GO:0099072","regulation of postsynaptic membrane neurotransmitter receptor levels",85,0.455414234641898,1.9281872385768,8.23198110785015e-05,0.0064916098178293,0.00550732563134905,2580,"tags=40%, list=17%, signal=34%","51201/81831/58533/5911/3320/25921/163/81609/11337/23154/9474/102/1902/55182/22883/5898/55737/11004/1173/2894/1605/2059/2239/161/4983/26985/10082/55914/56850/5584/1175/10439/2319/55061"
"GO:0099003","vesicle-mediated transport in synapse",199,0.351976139233557,1.67445654109689,8.25444202580629e-05,0.0064916098178293,0.00550732563134905,4334,"tags=40%, list=28%, signal=29%","8573/526/6622/8447/51606/7879/10159/9296/5217/9114/523/23208/6812/163/8871/529/23154/5532/1902/55182/22883/51382/9900/91683/9805/1499/5898/55737/84961/382/1609/1211/127262/9501/1173/9581/22930/5663/57617/8301/161/4983/26985/805/11315/1212/56850/1175/23557/396/1182/1861/55061/6453/8676/3092/527/535/51760/808/90019/9829/8775/160/3690/6855/10239/200933/5027/6093/26503/537/5908/57502/5728/23191/84062/22848/23513"
"GO:0032984","protein-containing complex disassembly",231,0.343086205878292,1.6606735037749,8.61401317932372e-05,0.00668284454898615,0.00566956457762886,3617,"tags=35%, list=23%, signal=27%","84687/10300/136319/6749/65082/10269/128866/830/6418/1072/91782/2935/57132/822/3920/4905/54541/55604/9793/24144/29979/11337/9474/59341/6597/57192/81631/7251/327/143244/9948/11004/5830/11345/3796/51510/65125/54516/79142/2932/4778/8673/11078/8678/83743/10043/64780/2059/1201/146909/4130/55201/29766/2629/56893/2150/84340/29767/23557/23271/2107/3799/23075/6598/25978/3925/55239/11198/26586/6840/22974/6601/9829/7111/8775/23708/6711/128077/3312/5976/347240"
"GO:0035751","regulation of lysosomal lumen pH",31,0.597899486810185,2.06326596409995,9.09567016740248e-05,0.00687082137250758,0.00582903959343092,3160,"tags=55%, list=20%, signal=44%","65082/51606/10159/9296/3920/523/2896/51382/252839/3916/5538/1201/533/23557/527/535/147007"
"GO:0045859","regulation of protein kinase activity",356,0.309241880645012,1.58334110962339,9.08828739442064e-05,0.00687082137250758,0.00582903959343092,4399,"tags=36%, list=28%, signal=27%","22843/5154/2048/8754/285489/1026/5159/4282/1894/796/143384/6622/6609/9093/104/100133941/1033/64853/2547/6997/51704/896/65018/84722/58533/5899/2247/353514/3320/2200/7532/5604/1845/7070/6363/55181/11235/7251/5580/7474/28951/10961/171392/219771/51527/5621/122809/5925/2011/27013/51719/10006/1116/2621/11314/6714/387/57761/11329/5663/51347/8797/6283/84313/9052/805/2629/7099/9961/2043/993/6091/8792/4216/80829/7057/10527/1654/1436/7098/10920/1843/9479/3491/1849/5770/1856/808/22974/146433/894/9770/7453/11142/6188/9368/22924/3690/2260/8844/23531/27250/5716/2965/23603/103/29950/7164/3553/7405/3301/7520/4763/8600/9655/1062/5728/11122/64793/2950/84062/8536/51191/8312/8850/2810/11213/9175/2690"
"GO:0030838","positive regulation of actin filament polymerization",45,0.534152447664834,1.98022326978974,9.790224583108e-05,0.00720585632456705,0.00611327518839956,2081,"tags=40%, list=13%, signal=35%","8440/6356/2885/5581/5217/55604/10109/10602/10787/23580/2475/2017/382/7408/11135/64223/5216/6366"
"GO:0006605","protein targeting",300,0.313463736354783,1.57957997488084,9.75142091729465e-05,0.00720585632456705,0.00611327518839956,3975,"tags=33%, list=26%, signal=25%","51201/6029/84134/10953/10755/10055/51114/6272/10300/4074/100507582/7529/7531/7879/950/51304/23463/128866/10971/65018/23431/85377/3920/64422/3320/10134/80273/7532/11337/10531/6721/56993/23409/51100/6726/2040/79683/4285/3329/706/5830/5621/56288/29090/55146/8678/84315/25813/23787/26985/637/55914/23303/27072/4053/5584/117177/137492/26517/8266/653361/79158/54741/51125/130340/29928/6727/8314/100131208/54557/11154/131474/9530/7805/288/253832/26515/64108/84750/7534/51542/9868/252983/3753/9179/3312/1459/9776/7323/92609/2039/5824/6386/208/1191/7332/3689/9454/10456/54503"
"GO:0031329","regulation of cellular catabolic process",425,0.296037758211599,1.54339336893583,0.000100707836757825,0.00731852773198318,0.00620886290044576,3949,"tags=36%, list=25%, signal=28%","55847/11043/8754/8992/79837/526/351/5768/6622/55332/29978/23677/7319/51606/950/8140/10269/9637/57103/128866/6048/79594/10193/65018/9114/58533/5899/10670/523/25853/29979/5660/4137/1457/529/5045/151636/60673/6721/51375/9474/2475/598/22926/7133/5305/201292/9528/10273/5049/5580/51100/51382/2017/1915/1917/55737/219771/706/5563/1982/55128/65125/79142/60592/2932/10059/6714/1634/57761/65992/26073/64223/8678/90427/7157/143686/22930/5663/10043/57521/60412/596/1201/58528/5476/51099/257364/171389/9559/5595/337/1611/11315/292/5291/302/64112/2629/56893/533/92140/3091/2597/27244/26291/4210/55255/3417/26262/8517/84219/90423/7942/7805/1613/23265/5770/9100/51322/195827/527/535/25893/55054/3607/23367/9531/57533/205251/254013/27074/1981/23400/84879/221955/128338/1459/9776/8396/5587/23770/9682/64127/5027/6093/9517/3587/208/7416/3553/56834/7405/10456"
"GO:0050729","positive regulation of inflammatory response",129,0.390362674590439,1.7506472243245,0.000103886316628176,0.00740818213522494,0.00628492353976215,4996,"tags=54%, list=32%, signal=37%","9173/51114/351/6622/5320/3133/3929/51704/241/6280/51284/729230/2635/353514/25921/23765/2896/59341/7474/975/8840/6279/1050/8673/4814/3569/5733/6283/171389/5603/63940/55527/3735/11315/7099/4192/8717/8792/4317/940/6348/4210/7098/79792/7040/3430/7097/9575/27250/961/1660/3553/58484/1075/8600/4889/3600/4023/222236/55450/837/114548/7941/718/834/1236/29108/5138/6223/7132"
"GO:0050792","regulation of viral process",149,0.374931543215222,1.71487204869953,0.000104522339828117,0.00740818213522494,0.00628492353976215,3888,"tags=36%, list=25%, signal=27%","11043/684/6590/286827/8724/6780/6609/3838/104/7879/90120/4939/201626/6993/5806/9830/5045/51495/9474/11074/7251/4599/2040/55128/57169/7301/9023/596/7153/682/1642/4940/940/1654/24138/5359/5886/200316/5610/56829/9217/9636/25893/89870/23367/7342/27074/26986/23272/2192/103/23633/1660/6732"
"GO:0044772","mitotic cell cycle phase transition",398,0.294299794853516,1.52678811660559,0.000113236151178626,0.00792791151117674,0.00672584944163676,4291,"tags=35%, list=28%, signal=26%","29117/84687/10983/1871/9700/1026/143384/351/1978/1019/5530/7319/10197/10537/1033/128866/6118/896/91782/2935/3275/5591/27338/3688/1021/1977/6597/51499/79858/51776/5889/90/10361/8870/55544/1104/219771/8720/91/80169/898/5925/3619/9577/51379/1063/5311/7157/79184/51347/586/57521/2059/596/54619/131601/64682/55159/57099/6241/4303/79035/805/637/672/1642/29766/1164/5720/993/605/9133/6240/1654/9587/2305/5537/11065/891/84142/58493/8738/9275/1843/6598/163786/9183/1017/23194/9314/5087/51322/8317/808/7040/6601/894/23326/55755/113130/6491/1024/5218/1111/1981/57082/6347/51512/6790/3312/27085/128239/3550/678/10460/54908/50484/2029/55143/9032/701/51360/7164/5977/10457/51343/1869/9525/1062/8454/5728/8453/7272/26060/51529/994/25959/580/10459/134353/10106"
"GO:0031345","negative regulation of cell projection organization",153,0.371535821047619,1.70493188791001,0.000117400518854204,0.00812043829809624,0.00688918453694869,4555,"tags=43%, list=29%, signal=31%","2048/653464/5530/8934/5793/4134/65078/567/5217/23105/8829/4756/7025/146760/84260/7070/59341/1902/6049/5580/7474/8831/5048/5621/382/54521/29956/5663/3066/10505/6366/7533/112/2288/83478/117177/2043/81618/2665/23557/10413/6405/27124/9529/5770/4776/1809/10498/4038/4099/5376/347240/3601/2316/5780/9738/1601/9423/5728/22954/84062/9706/2258/3675/832/4070"
"GO:0072659","protein localization to plasma membrane",262,0.328345726844324,1.61220662930247,0.000122144290151831,0.00834798059240076,0.00708222594652285,4503,"tags=40%, list=29%, signal=29%","51201/116372/84687/483/27032/2048/3767/4323/7879/950/51304/391/10490/145567/64114/5581/10791/4905/90196/5911/6812/25921/3688/7162/91461/598/83786/57217/9528/10890/10550/9727/975/55022/55737/5621/382/245812/65125/2621/8673/10484/55146/1173/30844/9581/23167/1201/8301/682/23433/4644/6281/56850/5584/5318/582/27237/50807/10959/2319/22841/51125/3799/30846/9530/11031/288/7040/30845/50848/246329/784/10211/9368/54997/6711/23136/5716/30818/6093/10938/9914/208/2316/51735/84668/5780/537/10399/10640/1601/8417/64398/26060/9482/10434/23513/63971/9847/2810/6769/2258/3675/83871/7430"
"GO:0016241","regulation of macroautophagy",180,0.354123271224965,1.66199823158487,0.000124193760154903,0.00838819267116821,0.00711634090695648,3257,"tags=36%, list=21%, signal=28%","8992/79837/526/5768/29978/7319/51606/9637/57103/79594/10193/65018/9114/58533/5899/523/29979/1457/529/6721/51375/9474/2475/5305/10273/5049/51100/51382/2017/55737/706/5563/79142/60592/10059/1634/65992/26073/8678/7157/143686/22930/10043/60412/1201/9559/5595/292/64112/2629/56893/533/3091/2597/27244/8517/84219/90423/23265/51322/527/535/23367/9531"
"GO:1903076","regulation of protein localization to plasma membrane",103,0.416933082320339,1.80103075890188,0.000132119570701639,0.00879453281530575,0.00746107011183082,4503,"tags=45%, list=29%, signal=32%","51201/116372/84687/27032/2048/3767/4323/391/10490/64114/5581/25921/3688/91461/598/9528/55022/5621/382/245812/65125/8673/1173/1201/8301/23433/56850/5584/27237/10959/22841/3799/7040/246329/6711/5780/10399/1601/8417/26060/9482/10434/2810/6769/3675/7430"
"GO:0001934","positive regulation of protein phosphorylation",365,0.30175553355179,1.54585501424407,0.000133273707530326,0.00879453281530575,0.00746107011183082,4142,"tags=33%, list=27%, signal=25%","9294/5154/8754/4318/285489/1026/5159/4282/1894/27020/796/143384/351/10928/6622/100133941/2547/6997/51704/5781/896/65018/84722/5217/5899/2247/353514/8829/5911/3320/2200/79109/5604/2475/6363/11235/5580/7474/5594/90/10961/219771/56005/5621/1609/2011/51719/10006/1116/2621/6714/387/65992/64223/30844/7157/1389/5300/51347/3569/57521/8797/6283/4824/2252/10507/805/11315/23568/2674/7099/57600/2043/6091/8503/8792/4216/80829/654/7057/85442/1654/1436/3093/7098/10920/3491/9530/5770/1856/808/22974/7040/146433/894/7039/9770/6188/1981/10211/4038/7060/22924/3690/2260/23531/5716/9181/64127/22998/7164/10457/3553/10456/8877/7520/10399/8600/1601/3600/1062/369"
"GO:0000097","sulfur amino acid biosynthetic process",17,-0.694036174108574,-2.10279219463707,0.000139234023382788,0.00898137672180436,0.00761958398807998,3196,"tags=82%, list=21%, signal=66%","4522/58478/84245/55256/23743/4548/635/441024/1036/4524/1491/2678/875/102724560"
"GO:0002573","myeloid leukocyte differentiation",206,0.343731799854051,1.63807699857217,0.000137896756514156,0.00898137672180436,0.00761958398807998,4483,"tags=40%, list=29%, signal=29%","4920/9173/4982/4318/796/351/9846/5530/29887/81570/133308/10272/10537/8772/2200/1021/2475/861/6363/1499/975/5048/171392/2355/8840/5925/6776/1050/6714/3662/56975/5663/57521/8544/28962/79576/3635/6422/302/7030/10538/2629/7099/2150/8792/7048/6348/142/10766/1436/4853/7098/84293/8314/7040/146433/7097/80762/9770/2624/51542/54997/55509/9444/5914/56834/10456/537/6886/4763/8600/3658/3600/25979/4286/2719/4615/161882/5153/151176/169200/650/7071"
"GO:0032273","positive regulation of protein polymerization",83,0.448580282366773,1.89691608046136,0.00015714583266381,0.00980080349718802,0.00831476595522309,3364,"tags=40%, list=22%, signal=31%","8440/6356/2885/65018/84722/5581/5217/55604/10109/9793/10602/10787/23580/3320/4137/2475/2017/382/7408/11135/64223/11076/5216/57606/6366/22919/9530/1639/4733/55755/6249/6188/55971"
"GO:0032963","collagen metabolic process",85,0.447587165990894,1.89504805947275,0.000157974632110112,0.00980080349718802,0.00831476595522309,3145,"tags=41%, list=20%, signal=33%","55323/54361/90993/4318/4323/9508/25824/1514/9902/3688/162427/5045/861/11117/1278/2022/1277/79137/8985/1289/2355/4320/4324/3569/10609/3066/7043/4317/3091/3673/64115/4313/1508/7040/8751"
"GO:0060326","cell chemotaxis",251,0.328580724006606,1.60615984838511,0.000158018318538644,0.00980080349718802,0.00831476595522309,4081,"tags=38%, list=26%, signal=28%","57007/58191/5159/4282/796/351/6356/7226/55742/196527/5156/6368/56833/391/3929/1901/6280/729230/2247/8829/4354/10488/79647/23765/284114/7162/57118/90550/102/59341/1902/6363/2022/5580/7474/5594/6387/27347/6279/65125/2621/10059/9023/4814/3569/719/6283/682/1398/57175/6366/63940/5595/708/1238/9034/1233/2150/4192/8792/5588/27237/7057/4283/6348/51119/1436/83700/1843/23075/4313/1910/23521/146433/80024/7114/5025/6374/7060/6347/2260/2358/5587/6362/57580/3148/5641/64127/1803/3553/3689/9564/11151/4856/8600"
"GO:1901136","carbohydrate derivative catabolic process",221,0.332695298176031,1.60426009293811,0.000158765846583955,0.00980080349718802,0.00831476595522309,2612,"tags=27%, list=17%, signal=23%","80201/5141/351/5223/6609/4074/2717/5315/950/5152/2023/57103/25939/26232/3098/1514/5230/26270/3939/4758/7167/2247/23171/54541/2799/8372/8930/11182/2720/55270/2475/2817/5580/93611/5136/8870/5209/5563/7374/4521/1116/6714/64223/79077/960/5663/57521/4967/1635/5214/285362/2629/100/10855/5213/4968/3074/3091/2597"
"GO:0043161","proteasome-mediated ubiquitin-dependent protein catabolic process",409,0.289639628864253,1.50244350972167,0.00016234097341524,0.0099148885997542,0.008411553012232,4231,"tags=33%, list=27%, signal=25%","114818/10755/6613/645382/343071/79734/7328/7319/10973/23291/5693/26232/51088/5694/26270/83892/79139/2768/149603/5714/25853/5516/27338/5708/55101/197131/1457/23510/3326/11337/9320/54442/153830/5698/117584/6907/10273/23327/93611/28951/5699/1499/246184/25898/80196/84961/137886/11275/5601/122809/2932/6047/1452/1050/8078/57761/7126/65992/144699/5663/55975/4130/64682/119504/5688/26133/5707/51283/55527/165324/11315/1642/2629/56893/55968/5887/51035/196394/5717/11065/3093/5713/5886/57092/9730/7341/8835/5690/9529/89857/1017/23194/4092/80176/51322/51667/116138/126433/9921/89890/5686/7334/8667/27351/9575/79018/64839/79699/6790/5687/1459/5710/8139/7321/7323/5716/5700/200933/5691/1191/54461/51343/26263/64795/7326/10399/29761/6478/9655/1601/8454/369/55666/8453/5695/51529/10213"
"GO:0032271","regulation of protein polymerization",184,0.357542757493687,1.6820178169924,0.000165696378133132,0.0100132937564454,0.00849503758029917,3700,"tags=37%, list=24%, signal=29%","8440/6622/136319/6356/29922/10092/2885/830/65018/84722/5581/5217/822/55604/10109/9793/10602/10787/23580/3320/4137/2475/55142/8195/5580/2017/54930/382/91663/7408/11135/64223/11078/11076/5216/2059/57606/6366/2288/29766/81873/22919/24139/29767/23271/58497/27124/54434/3925/9530/6840/1639/7114/4733/55755/7111/6249/1955/6188/55971/22924/6904/6711/3055/10565/9026/2039/57580"
"GO:1902903","regulation of supramolecular fiber organization",347,0.304765221252236,1.55482818015649,0.000170460228416535,0.0101938767847847,0.00864823987810644,3881,"tags=35%, list=25%, signal=27%","22843/54361/1490/8440/10300/351/6622/136319/6356/79709/29922/55845/10092/2885/830/1901/84722/5581/5217/822/165/55604/10109/9793/10602/10787/8829/23580/55616/4137/389/2475/55142/59341/1902/8195/11117/2764/5580/2017/6387/7411/9948/54930/382/5925/91663/387/7408/11135/64223/11078/5663/2876/5216/2059/57606/6050/4130/7043/57175/6366/6422/55201/11315/2288/6281/29766/10163/81873/22919/24139/2150/29767/23370/1410/10810/23271/5999/58497/27302/27124/23075/54434/3925/9530/26586/1613/6840/1639/154796/27236/22974/50848/9897/7114/4733/55755/7111/6249/1955/6188/55971/4771/22924/6904/6711/3055/3312/10565/9026/961/5587/2039/57580/3984/9181/6093/8936/22998/1191/6385/2316"
"GO:0099504","synaptic vesicle cycle",170,0.355547240472007,1.65317079381593,0.000178623794626553,0.0105719505665056,0.00896898858097734,4159,"tags=38%, list=27%, signal=28%","8573/526/6622/8447/51606/7879/10159/9296/5217/9114/523/23208/6812/163/8871/529/5532/1902/51382/9900/91683/9805/1499/84961/382/1609/1211/127262/9501/1173/9581/22930/5663/57617/8301/161/4983/11315/1212/56850/1175/23557/396/1182/1861/6453/8676/527/535/90019/9829/8775/160/6855/10239/200933/5027/6093/26503/537/5908/57502/5728/23191"
"GO:0030198","extracellular matrix organization",255,0.323106632944387,1.58351263958138,0.00018313904657394,0.0107285843508264,0.00910187291619357,2583,"tags=28%, list=17%, signal=24%","84171/4982/55151/90993/4318/4323/9508/351/5768/83716/7373/1303/79709/5156/2331/9719/151887/1284/165/5806/51144/3688/84947/9507/170691/5045/102/861/8434/7133/3915/11117/1296/54507/2131/1278/780/2022/1282/1277/8985/9806/55959/1289/1281/1290/1286/5925/4320/4324/2621/3908/1605/2296/59277/2683/79875/3569/10653/10609/170689/10491/81577/302/4811/285590/4016/4317/4241/3673/4147/57190"
"GO:0043549","regulation of kinase activity",386,0.295593654385166,1.52983447336016,0.000191502979832473,0.0111052384567498,0.00942141720026424,4399,"tags=35%, list=28%, signal=26%","22843/5154/2048/8754/285489/1026/5159/4282/1894/796/143384/6622/6609/9093/104/100133941/1033/64853/56833/57103/2547/6997/51704/896/65018/84722/58533/5899/2247/353514/3320/2200/4137/7532/5604/1845/7070/6363/55181/11235/7251/5580/7474/28951/10961/171392/1917/219771/51527/5621/122809/5925/2011/27013/51719/10006/1116/2621/11314/6714/387/57761/11329/5663/51347/8797/6283/84313/9052/805/2629/7099/9961/2043/993/6091/8792/4216/80829/7057/10527/1654/1436/7098/10920/1843/9479/3491/1849/5770/1856/808/22974/146433/894/9770/8543/7453/11142/6188/9368/22924/3690/2260/8844/23531/27250/5716/2965/23603/103/29950/29982/7164/3553/7405/3301/7520/4763/8600/9655/1062/5728/11122/64793/2950/84062/8536/51191/8312/8850/2810/11213/9175/2690"
"GO:0050667","homocysteine metabolic process",12,-0.765055676893176,-2.0890470069211,0.000195536881620933,0.0112257723738577,0.00952367527642164,3196,"tags=83%, list=21%, signal=66%","4522/4594/4548/635/642/4524/1373/1491/875/102724560"
"GO:0030641","regulation of cellular pH",77,0.453798051402912,1.88112428787306,0.000201521056473841,0.0113392338168391,0.00961993323563921,3160,"tags=43%, list=20%, signal=34%","8992/526/65082/51606/7879/10159/56833/9296/144811/9114/3920/523/2896/55647/5594/51382/252839/57282/3916/596/5538/1201/5595/533/23557/1182/23682/506/84679/527/535/150159/147007"
"GO:0006885","regulation of pH",83,0.44211994942688,1.86959720372839,0.000202368646464204,0.0113392338168391,0.00961993323563921,3160,"tags=42%, list=20%, signal=34%","8992/526/65082/51606/7879/10159/56833/5166/9296/144811/9114/3920/523/2896/55647/5594/51382/252839/57282/3916/596/5538/1201/5595/533/23557/1182/23682/506/84679/1910/527/535/150159/147007"
"GO:0006413","translational initiation",117,0.393640443773529,1.72919305726004,0.000203438614027944,0.0113392338168391,0.00961993323563921,5451,"tags=56%, list=35%, signal=36%","8440/317649/8894/1978/1964/8892/51386/7812/127933/1977/2475/1968/4686/8562/27335/1982/8672/9689/1653/7458/8669/23/8891/1654/51247/5610/8846/8668/1965/23521/5499/8663/728689/23367/1973/6188/8667/1981/440275/28985/8664/22916/208/6193/1979/4528/8666/8662/5436/23513/10209/1975/8665/1974/22927/9470/10657/27161/1983/27102/64410/3692/55364/8661/10289"
"GO:0006570","tyrosine metabolic process",13,-0.73980210627941,-2.09237520178156,0.000211406949771942,0.0114498801758559,0.00971380294533045,2693,"tags=54%, list=17%, signal=45%","51151/6898/143941/2954/5053/3081/3242"
"GO:0051259","protein complex oligomerization",212,0.339565786201044,1.62717422664812,0.000210841590642223,0.0114498801758559,0.00971380294533045,3258,"tags=34%, list=21%, signal=27%","1994/4282/1894/351/6622/7226/6510/79734/3790/2892/25939/30968/7052/241/83892/567/56262/283219/4199/4137/23510/4144/90550/79689/57192/54442/201292/1278/6648/23089/55737/1317/51074/5830/5621/10059/7408/7126/30844/51076/54968/4814/5311/21/7157/10280/10015/10409/9908/171389/10730/56652/6241/2744/3738/6240/7083/92799/7358/3749/284252/54557/10721/6742/79792/64170/9636/54793/30845/286133/84433/64784"
"GO:0048193","Golgi vesicle transport",293,0.31568884777211,1.58312793301116,0.000211004580287759,0.0114498801758559,0.00971380294533045,3562,"tags=32%, list=23%, signal=25%","27032/2619/8724/55770/6272/143187/10466/23423/10490/10067/377/10791/84984/4905/90196/81876/29097/29934/10134/6892/91461/5877/126003/553115/10066/113419/3996/10890/9727/10972/10079/8906/84272/11345/50999/1523/3916/10484/81562/9581/60412/286451/6836/1201/10749/4644/27072/28952/403/5584/117177/582/27095/50807/63932/54732/372/10959/55207/9570/5537/6102/51594/51125/51026/51479/9183/7805/55297/11031/11070/288/9217/51290/30845/10483/9218/51614/57222/57533/11014/8775/23760/54536/23299/22818/56681/160/80230/51542/23233/29959/6711/10239/9179"
"GO:0044088","regulation of vacuole organization",57,0.482227107040878,1.89124783611631,0.000221281077025602,0.0114535134822286,0.00971688535506772,2246,"tags=39%, list=14%, signal=33%","55353/2048/79837/29978/950/9637/6048/65018/5899/81876/51375/5532/2896/2475/5305/57192/51100/79142/8678/22930/302/64112"
"GO:2001243","negative regulation of intrinsic apoptotic signaling pathway",96,0.423419885908587,1.80704764232288,0.000223457452819752,0.0114535134822286,0.00971688535506772,4157,"tags=43%, list=27%, signal=32%","57007/90993/4318/4282/8531/2907/2023/65018/2247/8321/10488/754/51060/598/51499/6648/6387/1499/6714/960/2876/596/637/11315/5291/3091/1654/6615/10105/9479/9529/5770/624/50484/9181/1191/7417/7009/3301/10399/22954"
"GO:1905037","autophagosome organization",116,0.393638357142306,1.72435128160759,0.000225439300381785,0.0114535134822286,0.00971688535506772,2330,"tags=31%, list=15%, signal=27%","2048/5287/79837/29978/10533/7879/9637/6048/65018/5899/64422/81876/29979/1509/11337/60673/51375/9474/2475/51715/5305/81631/51100/137886/11345/8987/79142/8678/22930/5663/10043/1201/165324/64112/2629/55968"
"GO:0043405","regulation of MAP kinase activity",106,0.399194609086084,1.72374210539009,0.000224271361850272,0.0114535134822286,0.00971688535506772,4759,"tags=51%, list=31%, signal=36%","5154/8754/5159/4282/6609/100133941/64853/6997/2247/6363/11235/7251/5580/7474/28951/10961/171392/11314/57761/11329/51347/6283/2629/7099/2043/6091/8792/4216/7057/1843/9479/1849/5770/1856/146433/6188/2260/8844/27250/7164/3553/3301/4763/8600/2950/84062/11213/9175/2690/650/26191/9146/23328/142679"
"GO:0007163","establishment or maintenance of cell polarity",202,0.342183605559489,1.62883438810626,0.000217223017279489,0.0114535134822286,0.00971688535506772,3051,"tags=30%, list=20%, signal=25%","4478/2195/7481/55742/10487/23291/9124/4134/391/115701/1495/6993/10758/9793/3688/81609/10096/54820/2697/6363/3996/10890/10097/7474/9948/5048/11004/137886/23221/382/23322/2011/56288/50855/2932/387/10486/6693/10653/10015/1398/6366/4983/23433/55914/5584/55968/22919/56603/6494/143098/2319/3611/22841/83700/9886/10252/9183/1639/154796/23286"
"GO:0051258","protein polymerization",265,0.320279898434834,1.57924023105538,0.000216715982460962,0.0114535134822286,0.00971688535506772,3700,"tags=34%, list=24%, signal=26%","8440/6622/136319/6356/29922/4134/10092/128866/2885/830/65018/84722/5581/5217/822/55604/10109/9793/10602/10787/23580/27338/3320/4137/54820/282991/51199/2475/55142/59341/8195/5580/2017/81027/7283/54930/382/91663/7408/11135/64223/11078/11076/5216/2059/57606/6366/10093/2288/29766/81873/22919/24139/8976/2243/29767/10810/23271/8522/11065/58497/3093/27124/79649/54434/3925/9530/7846/6840/1639/2266/22974/9897/23242/7114/4733/55755/7111/6249/1955/6188/55971/22924/6904/6711/3055/10565/9026/2039/57580"
"GO:0040008","regulation of growth",489,0.274425854445032,1.4525151677994,0.000218284629781824,0.0114535134822286,0.00971688535506772,3145,"tags=27%, list=20%, signal=22%","23180/135644/84687/684/58191/1026/4323/5467/351/136319/150465/84259/7373/8531/3371/23677/51094/7086/5245/10269/3487/5607/2023/65078/6280/8614/79594/84722/5270/2247/23105/8829/10488/4137/1457/79109/2697/4499/5518/203245/84260/29104/2475/4502/102/861/598/4686/8195/9686/6597/6049/4493/7251/23338/22883/2735/23327/114804/780/7474/2017/6387/29842/4501/5048/2355/23011/5830/1982/91/94/5925/6279/51379/28956/55210/6776/2932/64223/2296/55841/7157/84275/2539/57521/55004/596/5538/10505/10409/1398/10507/6422/672/657/7528/8882/3490/5588/9133/1410/3091/6494/1654/10439/2658/57446/4494/5999/56994/27302/10413/1735/6405/6446/11007/8314/23414/9730/10668/8835/4092/57678/3021/4886/27346/23286/3020/51760/7040/8751"
"GO:0071294","cellular response to zinc ion",19,0.681880524293996,2.05511380265409,0.000250104984589951,0.0124276136118448,0.010543288475693,3503,"tags=74%, list=22%, signal=57%","326343/4499/4502/4493/4501/4520/706/142/4494/4489/5025/4490/23400/4496"
"GO:1905517","macrophage migration",49,0.490510504368513,1.85022683272017,0.000251106632812053,0.0124276136118448,0.010543288475693,3476,"tags=49%, list=22%, signal=38%","4920/4282/4323/56833/729230/79647/613/59341/11117/5594/975/2683/719/5595/4192/7057/6348/1436/4313/1910/23521/146433/5025/6347"
"GO:0000910","cytokinesis",162,0.359017629456531,1.65262430061133,0.000250747788765457,0.0124276136118448,0.010543288475693,4262,"tags=43%, list=27%, signal=31%","23157/10755/9700/9371/1894/29127/55770/311/90120/128866/1072/91782/5581/57132/389/10096/598/25814/10097/51100/9727/11258/989/382/55521/51510/3619/65125/387/26073/8678/5300/151011/10015/60412/257364/805/403/25978/3925/11021/26586/23265/6840/288/10801/808/9897/23176/54536/9493/23233/8502/6711/6790/128239/10617/24137/55143/6093/7405/10112/9525/9738/10640/23503/994/10807/675"
"GO:0044409","symbiont entry into host",139,0.375756252460027,1.69988148226629,0.000257166619253988,0.0126187483857875,0.0107054426206766,3147,"tags=31%, list=20%, signal=25%","11043/6520/286827/8724/55770/6609/6510/3685/950/9213/5245/1514/6993/5806/8829/3688/5817/5045/6404/11074/867/975/3839/55128/2621/3916/6714/8673/7301/1605/9023/57617/1604/682/156/3673/5359/942/3693/23265/1508/25893/50848"
"GO:0061640","cytoskeleton-dependent cytokinesis",110,0.395335538155934,1.7186103212173,0.000279832721744682,0.0136145733520019,0.0115502765701396,4072,"tags=45%, list=26%, signal=33%","23157/9700/1894/29127/55770/90120/128866/1072/91782/57132/389/10096/10097/9727/11258/989/382/55521/51510/3619/65125/387/26073/151011/10015/60412/257364/403/25978/3925/11021/26586/23265/288/10801/9897/23176/54536/9493/23233/6711/128239/10617/24137/55143/6093/10112/9525/10640"
"GO:0080135","regulation of cellular response to stress",476,0.278967613863741,1.47216307846465,0.000301060344079012,0.014524264162669,0.0123220363737602,4352,"tags=35%, list=28%, signal=26%","29117/57007/79794/90993/8440/55161/4282/4323/8607/351/267/29978/8531/10269/84883/2907/2023/5052/9415/57103/65078/26168/6118/9261/65018/5591/24144/29979/10134/10488/4756/2530/4137/1457/79109/7913/754/146760/5604/51060/10933/7070/2896/23657/2475/7376/598/22926/84962/6597/578/51499/55074/11235/165918/10273/10097/581/5594/51776/10550/6387/6878/10961/8870/23450/29956/9577/8505/2932/2139/1054/65992/6877/7157/960/79184/51142/51347/596/1201/55159/51283/5595/637/672/165324/708/11315/5291/7528/7099/56893/2043/4968/81542/1388/605/55611/57707/51035/7014/10955/10474/10959/6615/142/2305/9521/84142/5610/9275/10721/6598/9314/5770/64170/5429/6601/624/23326/3090/10869/1111/7334/6188/1981/138151/7398/148479/10049/2213/5716/83443/9181/64127/1719/8428/1191/1660/51360/5111/2316/5977/10856/6659/7009/3301/7158/10399/29761/7266/55086/7515/3014/56950/22954/580/10459/675/2950/2072/51588/78996/8850"
"GO:0051084","'de novo' post-translational protein folding",42,0.514402087964369,1.87641369349074,0.000323399186674149,0.0154719560891358,0.0131260354100113,4099,"tags=48%, list=26%, signal=35%","10574/6388/10575/3313/27348/22948/10728/10576/7203/54788/6950/1861/27433/131474/9403/25822/3312/6767/908/7266"
"GO:0010714","positive regulation of collagen metabolic process",23,0.626605945124224,2.0044602567091,0.000337800729450896,0.0155145119022208,0.0131621387382678,3124,"tags=48%, list=20%, signal=38%","55323/54361/90993/25824/861/2022/3066/7043/3673/64115/7040"
"GO:0071214","cellular response to abiotic stimulus",287,0.308275546304994,1.54155133251575,0.000335423367028734,0.0155145119022208,0.0131621387382678,4315,"tags=39%, list=28%, signal=29%","476/4318/1026/8787/1894/136319/6609/7481/8531/231/10269/57646/2885/2547/51284/2247/8772/8372/55766/2697/84236/2475/59341/598/578/51499/57192/79073/2022/581/5580/51776/1277/7100/706/27347/65125/51719/9577/64223/9780/1605/4814/5311/90427/7157/79184/57521/8797/5424/1201/10681/5603/23596/5595/6422/672/1642/7528/7099/993/654/1410/2767/10714/6494/1654/3673/150678/142/5978/7098/10413/144715/8738/4790/2002/1965/4313/4776/51311/5429/7040/50848/894/624/9531/1111/9575/3690/4099/3753/440275/552/5105/9181/208/80131/5111/10856/3553/55144/7158/7520/3014/5728/6416/580/675/4615/2072/6548"
"GO:0104004","cellular response to environmental stimulus",287,0.308275546304994,1.54155133251575,0.000335423367028734,0.0155145119022208,0.0131621387382678,4315,"tags=39%, list=28%, signal=29%","476/4318/1026/8787/1894/136319/6609/7481/8531/231/10269/57646/2885/2547/51284/2247/8772/8372/55766/2697/84236/2475/59341/598/578/51499/57192/79073/2022/581/5580/51776/1277/7100/706/27347/65125/51719/9577/64223/9780/1605/4814/5311/90427/7157/79184/57521/8797/5424/1201/10681/5603/23596/5595/6422/672/1642/7528/7099/993/654/1410/2767/10714/6494/1654/3673/150678/142/5978/7098/10413/144715/8738/4790/2002/1965/4313/4776/51311/5429/7040/50848/894/624/9531/1111/9575/3690/4099/3753/440275/552/5105/9181/208/80131/5111/10856/3553/55144/7158/7520/3014/5728/6416/580/675/4615/2072/6548"
"GO:0050808","synapse organization",413,0.293116163515175,1.52284599053054,0.000337296021446545,0.0155145119022208,0.0131621387382678,4471,"tags=39%, list=29%, signal=28%","4920/51201/9294/114794/84687/2048/285489/27020/6780/6272/351/6622/653464/10487/9093/3371/8934/3706/56122/391/65078/5361/1072/5217/4076/5098/647135/8829/5911/8321/2049/3688/7162/7436/4137/81609/26115/79414/23657/102/54549/22883/7474/7058/8831/2017/1282/1499/5048/9806/199731/91107/55737/11004/5621/382/23085/387/10486/2894/1605/11329/5300/5663/100528062/5216/7804/10280/1201/4738/4744/2239/1398/4983/23767/26470/2252/10507/56850/10163/347902/10154/2043/8976/50807/23557/10810/5978/64101/203068/6405/2564/55203/9040/9379/3799/54434/221935/25978/1793/7846/64218/5770/1639/154796/288/57622/4776/7097/51150/55740/43/1981/4038/8506/7534/152330/89910/3690/78999/2260/712/3312/26167/3913/2213/9026/5641/200933/6093/8936/6386/3587/8443/2316/29904/5818/91851/5754/54583/4763/8825/5908/9423/57502/5728/23191/26060/10939/11122/392617/84062/8536/7087/9456/87/10672/2258/991/3675"
"GO:0001558","regulation of cell growth",338,0.29851387343086,1.51857873647497,0.000337042736464149,0.0155145119022208,0.0131621387382678,3145,"tags=29%, list=20%, signal=23%","135644/84687/684/58191/1026/4323/136319/150465/84259/7373/3371/23677/51094/5245/3487/5607/2023/65078/6280/79594/84722/5270/23105/8829/10488/4137/1457/79109/2697/203245/84260/29104/2475/102/4686/9686/6597/6049/7251/23338/22883/23327/114804/780/7474/2017/6387/5048/23011/1982/91/94/5925/6279/51379/28956/55210/2932/64223/7157/84275/2539/57521/55004/596/5538/10505/1398/10507/6422/672/7528/3490/5588/1410/6494/1654/10439/2658/57446/5999/56994/27302/10413/6405/6446/11007/8314/10668/8835/4092/3021/27346/3020/51760/7040/8751"
"GO:0002688","regulation of leukocyte chemotaxis",105,0.400381856538282,1.72750428085724,0.000346947254682027,0.0156836550325159,0.0133056357017301,3761,"tags=42%, list=24%, signal=32%","4282/351/196527/56833/3929/729230/4354/10488/79647/284114/57118/90550/102/59341/6363/7474/5594/6387/27347/65125/2621/10059/4814/3569/719/6366/63940/5595/708/2150/4192/7057/6348/1436/83700/1843/23075/146433/80024/7060/6347/2358/5641/64127"
"GO:0043062","extracellular structure organization",256,0.322002647336936,1.58023877742069,0.000346402108551844,0.0156836550325159,0.0133056357017301,2583,"tags=28%, list=17%, signal=24%","84171/4982/55151/90993/4318/4323/9508/351/5768/83716/7373/1303/79709/5156/2331/9719/151887/1284/165/5806/51144/3688/84947/9507/170691/5045/102/861/8434/7133/3915/11117/1296/54507/2131/1278/780/2022/1282/1277/8985/9806/55959/1289/1281/1290/1286/5925/4320/4324/2621/3908/1605/2296/59277/2683/79875/3569/10653/10609/170689/10491/81577/302/4811/285590/4016/4317/4241/3673/4147/57190"
"GO:0000281","mitotic cytokinesis",89,0.410278568857564,1.73516298624645,0.000359054664770181,0.0161041627378563,0.0136623843247667,4072,"tags=45%, list=26%, signal=33%","23157/9700/1894/29127/55770/128866/1072/91782/57132/389/9727/382/55521/51510/3619/65125/387/26073/10015/60412/257364/403/25978/3925/11021/26586/23265/288/54536/9493/23233/6711/128239/10617/24137/55143/6093/10112/9525/10640"
"GO:0048388","endosomal lumen acidification",14,0.735137813698759,2.04619121801602,0.000381062661914211,0.0168283134003807,0.0142767363293689,3096,"tags=71%, list=20%, signal=57%","51606/10159/9296/523/51382/252839/533/1182/527/535"
"GO:0002548","monocyte chemotaxis",43,0.509732052727011,1.86659490779162,0.000378255270607947,0.0168283134003807,0.0142767363293689,4081,"tags=44%, list=26%, signal=33%","796/351/196527/6368/56833/729230/10488/6387/4814/3569/6283/8792/6348/1843/6347/2358/5641/4856/8600"
"GO:1903828","negative regulation of protein localization",182,0.336905263822572,1.58460325488895,0.000387232023031893,0.0169702217116496,0.0143971279274293,3431,"tags=32%, list=22%, signal=26%","135644/116372/3767/8724/285381/351/5530/9258/5781/64114/1495/29934/4756/4137/91461/2475/51715/598/1595/23409/9528/23327/10961/9727/55022/55737/137886/337867/382/65125/2932/6047/1173/64771/4130/8301/257364/23433/6422/11315/56850/55968/2150/2665/10959/5978/54741/7341/5905/9530/26297/7013/7040/80762/94121/91942/11142/7534/56957"
"GO:0007029","endoplasmic reticulum organization",88,0.414242514051292,1.75170307929999,0.000399521747135224,0.0171168235097263,0.0145215013668082,2538,"tags=34%, list=16%, signal=29%","55151/55161/55831/93380/10430/54499/56851/284361/439/10313/10328/408050/23344/162427/57003/27348/10890/79137/283820/23420/5830/65125/22930/55969/51234/7485/6252/63932/8266/10959"
"GO:0008637","apoptotic mitochondrial changes",92,0.408885099203153,1.7376136824459,0.000396822275870797,0.0171168235097263,0.0145215013668082,2246,"tags=35%, list=14%, signal=30%","4318/27069/54978/2537/84883/79594/65018/64422/5516/284114/282991/203245/90529/598/578/51499/581/6648/55737/3329/8870/2932/10059/2139/90427/7157/2876/597/596/637/292/64112"
"GO:0072594","establishment of protein localization to organelle",411,0.278629508718056,1.4463098642696,0.000396232724957977,0.0171168235097263,0.0145215013668082,3964,"tags=31%, list=25%, signal=24%","55506/6029/84134/51194/10953/1871/1994/10055/1026/1894/6272/3838/4074/5530/100507582/4591/7879/950/128866/5901/55670/3098/65018/3920/23534/10758/3320/10134/4137/80273/754/10531/6721/51715/56993/23409/7251/10890/4927/581/5580/51100/6726/867/79711/5898/4285/3329/222229/706/5830/8720/3839/29090/3916/8678/7157/8027/11267/22930/5663/23649/84315/84313/25813/23787/26985/79035/637/27072/64112/6950/8882/137492/10628/26517/10527/8266/23435/54492/79158/79568/54741/26262/29928/6727/8314/100131208/10526/54557/7341/131474/9530/7805/7013/3840/7040/26515/9531/11142/51762/3842/27074/51542/9868/55705/9179/3312/1459/9776/7323/5587/92609/103/23633/5824/10073/3587/1191/7332/9688/2316/10856/908/5828/10456/3301"
"GO:0045229","external encapsulating structure organization",256,0.320497145589275,1.57285047716663,0.000414994529549546,0.0176480266232885,0.0149721613117018,2583,"tags=28%, list=17%, signal=24%","84171/4982/55151/90993/4318/4323/9508/351/5768/83716/7373/1303/79709/5156/2331/9719/151887/1284/165/5806/51144/3688/84947/9507/170691/5045/102/861/8434/7133/3915/11117/1296/54507/2131/1278/780/2022/1282/1277/8985/9806/55959/1289/1281/1290/1286/5925/4320/4324/2621/3908/1605/2296/59277/2683/79875/3569/10653/10609/170689/10491/81577/302/4811/285590/4016/4317/4241/3673/4147/57190"
"GO:1904377","positive regulation of protein localization to cell periphery",69,0.444775573094161,1.81032113513848,0.000429820635238778,0.0181441196096016,0.0153930346691163,4516,"tags=43%, list=29%, signal=31%","51201/84687/27032/2048/3767/6622/391/5581/25921/3688/55737/5621/382/245812/1201/5584/2770/27237/22841/3799/23682/246329/1981/6711/5780/10399/6769/3675/7430/29899"
"GO:0002443","leukocyte mediated immunity",366,0.290871898684654,1.49061651698325,0.000446375229798714,0.0187054028779155,0.0158692138938045,3628,"tags=30%, list=23%, signal=24%","23180/28457/684/28388/9214/9846/28452/3133/5052/57126/2885/28434/729230/567/284021/28442/10758/28439/79987/8772/102723169/6812/28424/28448/613/5817/100423062/7532/28394/50615/3494/5532/3140/7133/84868/28473/165918/5580/867/80328/9948/3500/975/28392/3329/7374/23207/3501/11314/1621/3916/8673/1054/8013/11334/28423/28385/3569/6693/28450/1604/79465/1398/171389/3106/8741/3635/708/1653/28395/10538/7099/8509/57289/3539/3575/2150/1512/127544/940/2212/55207/6348/55061/3507/7098/203068/28408/3799/23075/64581/4092/64170/51311/7040/28410/80762/84542/3554/2624/3263/23529/925/10383/3105/712/2210/3312/2213/3514"
"GO:0070849","response to epidermal growth factor",46,0.499672303175354,1.87338960467184,0.000459952270250747,0.0191346810399242,0.0162334031613288,2303,"tags=35%, list=15%, signal=30%","84687/5782/6997/5781/51324/90417/58533/4141/1845/5594/1277/1915/2296/8678/5595/8882"
"GO:1905897","regulation of response to endoplasmic reticulum stress",81,0.418733409863108,1.76420833253864,0.000489283088404152,0.0200641015037731,0.0170219011281655,2502,"tags=31%, list=16%, signal=26%","90993/8440/55161/351/29978/2907/29979/10134/10488/51060/7376/598/22926/578/10273/581/10961/65992/51283/165324/11315/81542/1388/51035/10955"
"GO:0001501","skeletal system development",380,0.292334001991799,1.50683551497684,0.000487118261664608,0.0200641015037731,0.0170219011281655,3134,"tags=30%, list=20%, signal=25%","3216/4982/157506/55151/1490/4318/6424/4323/4188/2132/145864/7481/29887/133308/656/54796/5156/10269/7004/5052/9775/5125/5781/7052/10220/2736/2247/7484/4087/2200/50515/8372/25902/9507/91461/2697/861/51715/59341/8195/2131/1278/2022/7474/1277/1499/2202/5048/55959/864/2355/8840/1281/1290/80169/94/5925/1116/6714/23552/387/56975/65992/56987/2296/7157/960/5663/51222/7043/11091/10507/5595/6422/657/302/5549/54808/582/285590/56603/4192/4086/6781/7048/145173/654/2767/3074/3091/6615/2658/7704/51119/4853/27302/1298/7421/6913/3491/84895/6497/23516/4092/22856/64131/51320/5087/79065/56172/4313/399979/7040/29985"
"GO:0071902","positive regulation of protein serine/threonine kinase activity",107,0.388191284792764,1.68326279209441,0.000507257237304388,0.0206536439671241,0.0175220547742247,4468,"tags=43%, list=29%, signal=31%","5154/8754/5159/4282/6622/100133941/6997/896/84722/5899/2247/5604/6363/11235/7474/10961/219771/51719/6714/387/51347/6283/805/7099/2043/6091/8792/4216/7057/1654/5770/1856/808/146433/894/6188/22924/2260/5716/7164/3553/8600/8536/9175/2690/10454"
"GO:0007005","mitochondrion organization",418,0.284237641545398,1.47590225844504,0.000528069850642278,0.0213496409333614,0.018112521860058,3891,"tags=33%, list=25%, signal=25%","4318/4708/28976/10493/27069/54978/9361/10928/6622/9093/2537/8934/5245/84883/9167/30968/10664/5910/79594/65018/4718/64422/647087/7386/5516/55101/3320/284114/4137/282991/90550/203245/90529/598/56993/578/51499/3313/4706/10989/23409/64756/581/6648/84273/440574/5898/54927/4082/55022/55737/3329/8870/4124/5830/4709/55210/2932/139322/284184/29090/10059/1050/79135/2139/81554/1634/26073/54968/8834/90427/6341/7157/84275/51142/2876/597/596/55969/4720/4702/25813/80821/10730/23787/56652/132671/637/11315/292/64112/51241/54539/2034/26517/6240/142/57190/57226/10981/10105/729515/25880/79568/29928/3799/6742/4712/23682/84895/131474/84303/1267/26515/91942/64863/139341/8506/51542/9868/23400/283951/54708/6790/84902/9026/4715/5716/92609/50484/5027/790955/4719/8936/1191/7417/55967"
"GO:0046718","symbiont entry into host cell",135,0.367584770787593,1.65782199772973,0.000542861320430394,0.0216437655143194,0.0183620500801723,2766,"tags=28%, list=18%, signal=23%","11043/6520/286827/8724/6609/6510/3685/950/9213/5245/1514/6993/5806/8829/3688/5817/5045/6404/11074/867/975/3839/55128/2621/3916/6714/8673/7301/1605/9023/57617/1604/682/156/3673/5359/942/3693"
"GO:0045807","positive regulation of endocytosis",138,0.363413406513856,1.64233576728324,0.000546654938090283,0.0216437655143194,0.0183620500801723,4290,"tags=42%, list=28%, signal=31%","6424/351/6622/6609/5530/977/196527/10326/967/567/5806/57118/613/6363/7251/23327/7474/867/23011/2621/636/1173/929/5538/1201/6366/7275/302/8976/2150/2212/3673/1861/51479/64581/11031/3092/2624/10211/160/6347/140885/2358/3312/55646/2213/961/3601/64127/1191/10461/29904/1601/3600/26060/2719/10960/84062"
"GO:0030323","respiratory tube development",168,0.349750280895327,1.62828426575598,0.000543206011036085,0.0216437655143194,0.0183620500801723,3212,"tags=33%, list=21%, signal=27%","5154/157506/55151/1490/4323/83716/7481/3371/5156/10741/5125/9719/2736/2247/4087/2200/91461/5604/23657/2131/2735/7474/5594/1499/8985/2355/4124/1281/10728/4048/1116/1050/1605/21/28511/54542/7043/2252/5595/657/302/100/1522/1512/7048/2034/57190/10413/23414/10252/2002/9394/7068/23521/7040/5499"
"GO:0006935","chemotaxis",372,0.284760234793756,1.46398403420489,0.000559671391539208,0.0217099558028824,0.018418204328961,3927,"tags=35%, list=25%, signal=27%","5154/57007/58191/5159/4282/796/351/10928/6356/7226/55742/3685/196527/5156/6368/56833/391/3929/1901/60675/5355/6280/729230/2247/8829/4354/10488/79647/23765/284114/7162/57118/90550/5604/1845/102/59341/1902/6363/2022/5580/7474/5594/6387/5898/27347/6279/65125/2621/10059/285/387/9023/4814/3569/6693/6275/719/6283/10505/682/1398/57175/6366/23767/2252/10507/63940/5595/708/5291/1238/9034/1233/55848/6091/2150/4192/8792/5588/27237/7057/4283/3673/6348/51119/2357/1436/6405/83700/2359/112616/1843/23075/3491/8846/64218/154796/4313/1910/23521/7040/146433/80024/7114/5025/6586/6374/7060/6347/3690/2260/2358/1672/10512/5587/6362/57580/3148/5641/5328/64127/6480/659/2152/10457/1803/3553/3689"
"GO:0042330","taxis",372,0.284760234793756,1.46398403420489,0.000559671391539208,0.0217099558028824,0.018418204328961,3927,"tags=35%, list=25%, signal=27%","5154/57007/58191/5159/4282/796/351/10928/6356/7226/55742/3685/196527/5156/6368/56833/391/3929/1901/60675/5355/6280/729230/2247/8829/4354/10488/79647/23765/284114/7162/57118/90550/5604/1845/102/59341/1902/6363/2022/5580/7474/5594/6387/5898/27347/6279/65125/2621/10059/285/387/9023/4814/3569/6693/6275/719/6283/10505/682/1398/57175/6366/23767/2252/10507/63940/5595/708/5291/1238/9034/1233/55848/6091/2150/4192/8792/5588/27237/7057/4283/3673/6348/51119/2357/1436/6405/83700/2359/112616/1843/23075/3491/8846/64218/154796/4313/1910/23521/7040/146433/80024/7114/5025/6586/6374/7060/6347/3690/2260/2358/1672/10512/5587/6362/57580/3148/5641/5328/64127/6480/659/2152/10457/1803/3553/3689"
"GO:0030335","positive regulation of cell migration",492,0.272722458518771,1.44609556823686,0.00055318784820257,0.0217099558028824,0.018418204328961,3907,"tags=32%, list=25%, signal=25%","4920/5154/57007/6403/2048/8754/4318/58191/5159/2195/4323/29984/351/9590/653464/6356/3685/5530/977/196527/3655/5156/6368/3929/6997/284361/1901/729230/5581/2247/55604/8772/8829/10488/79647/3688/284114/57118/389/90550/5979/7070/2896/2475/102/59341/1902/6363/23060/4150/85360/11235/2735/7474/5594/6648/1277/6387/90/2523/84913/8840/91/27347/382/65125/6776/55140/91663/2621/10059/6714/387/65992/8013/5216/3569/6693/596/719/10505/682/1398/6366/2252/10507/63940/5595/4303/708/5291/9448/7099/81/2043/2150/4192/8503/1512/8717/7048/7057/3091/51564/6615/152007/3673/6348/1436/64115/6405/83700/23075/54434/64581/3491/498/1793/9530/64218/1613/506/154796/4313/14/7040/146433/7114/5025/3554/2624/7329/7060/6347/3690/2260/2358/10630/3312/10512/961/5587/2192/2039/6362/57580/5641/5328/9181/6386/208/659/2316/2152/10457/3553"
"GO:0016049","cell growth",402,0.284359226089002,1.47689726628715,0.000592608058551427,0.0228333078130452,0.0193712291551922,4407,"tags=37%, list=28%, signal=27%","135644/84687/684/58191/1026/4323/351/136319/150465/84259/7373/3371/23677/51094/5245/3487/5607/2023/65078/7414/51324/6280/79594/5361/84722/5270/3275/23105/8829/10488/3688/4137/1457/79109/2697/203245/84260/51199/29104/5532/2475/102/4686/9686/6597/6049/2131/7251/81628/23338/22883/23327/114804/780/7474/2017/6387/1499/5048/23011/1982/91/94/5925/6279/51379/28956/55210/2932/64223/7157/84275/2539/57521/55004/596/5538/10505/1398/23767/10507/6422/672/7528/3490/7048/5588/1410/6494/1654/10439/2658/57446/5999/56994/27302/10413/6405/6446/11007/8314/10668/8835/4092/3021/51320/27346/3020/51760/7040/8751/23242/6586/1981/9868/4099/84879/6790/440275/3913/552/5716/84298/3984/8936/6386/85004/5931/659/8877/51393/9564/4882/3172/10399/4856/1601/9423/22954/23191/83667/6416/10459/2137/6548/8239/9706/2810/9175/7852"
"GO:0030316","osteoclast differentiation",93,0.407411099489375,1.73267413336902,0.00060019603128585,0.0228386080086907,0.0193757257136959,4483,"tags=47%, list=29%, signal=34%","4982/796/9846/5530/29887/133308/10272/2200/2475/1499/975/5048/171392/2355/8840/6714/56975/57521/28962/3635/6422/302/7030/7099/8792/6348/10766/1436/4853/7098/84293/7040/9770/56834/537/4763/8600/3658/4286/2719/151176/169200/650/7071"
"GO:0031349","positive regulation of defense response",438,0.275196247470203,1.43541760197123,0.000600701935083137,0.0228386080086907,0.0193757257136959,4378,"tags=34%, list=28%, signal=26%","23180/9173/51114/351/6622/81570/7531/9258/5320/5245/51304/3133/2547/7105/51296/6573/3929/51704/9261/1147/241/6280/51284/729230/144811/5581/2635/3920/647087/5591/353514/8772/29979/3320/25921/23765/27293/5817/84034/2896/59341/11117/84868/11074/7474/975/3329/80196/8840/7100/6279/57169/3654/57787/11314/1452/1050/3916/6714/3662/8673/55146/7301/4814/8678/929/79184/3569/9641/5733/5538/6283/171389/5603/63940/55527/5595/3735/55914/708/11315/7099/4940/2150/4332/4192/8717/8792/4317/940/1654/6348/142/5537/4210/3093/54941/7098/5359/22841/63906/5610/9781/64581/79792/56829/64170/51311/7040/3430/7097/89870/140609/26253/3263/10211/9575/9868/2358/3055/3312/27250/79155/961/5587/3148/64127/1660/3553/58484/81035/23151/7520/1075/51295/5608/8600/4889/3600/55666/22954/26060/8887/6397/4023/222236/4615/27246/400709/11213/55450"
"GO:0010712","regulation of collagen metabolic process",34,0.542106683203077,1.9103727816996,0.00062740193274392,0.0235655079252667,0.0199924101193097,3124,"tags=41%, list=20%, signal=33%","55323/54361/90993/25824/3688/861/11117/2022/3569/3066/7043/3673/64115/7040"
"GO:0030324","lung development",164,0.349529387851248,1.61346053652172,0.000628030432427418,0.0235655079252667,0.0199924101193097,3212,"tags=34%, list=21%, signal=27%","5154/157506/55151/1490/4323/83716/7481/3371/5156/10741/9719/2736/2247/4087/2200/91461/5604/23657/2131/2735/7474/5594/1499/8985/2355/4124/1281/10728/4048/1116/1050/1605/21/28511/54542/7043/2252/5595/657/302/100/1522/1512/7048/2034/57190/10413/23414/10252/2002/9394/7068/23521/7040/5499"
"GO:0044090","positive regulation of vacuole organization",24,0.617397166258596,1.99741090091274,0.000647618598985418,0.023926928613363,0.0202990307380945,2246,"tags=50%, list=14%, signal=43%","79837/5899/51375/5532/2896/5305/57192/51100/8678/22930/302/64112"
"GO:0120316","sperm flagellum assembly",32,-0.545460112757965,-1.94976199545762,0.000649381410347796,0.023926928613363,0.0202990307380945,2679,"tags=38%, list=17%, signal=31%","585/22873/55779/7802/54970/57639/79925/221481/25981/120935/79846/9148"
"GO:0045861","negative regulation of proteolysis",213,0.324873331496195,1.55948382877116,0.000650165626839336,0.023926928613363,0.0202990307380945,2612,"tags=25%, list=17%, signal=21%","5918/10755/6590/4318/2619/351/6622/9093/2537/5270/51156/5104/29934/1457/3326/5045/7376/8434/51499/56925/23409/117584/9806/1475/80196/11345/5621/55325/64215/2621/6714/8078/65992/7157/960/5663/2876/10653/64780/334/1201/4130/4983/10542/51050/165324/11315/5858/2043/1522/51035/7057/1654/2597"
"GO:0032535","regulation of cellular component size",311,0.30106366272453,1.5204691295936,0.000670028768826753,0.0245008609034038,0.0207859410885779,4532,"tags=39%, list=29%, signal=28%","4478/8440/136319/6356/150465/2717/196527/8800/55845/10092/2885/830/65078/51704/5581/5217/56262/822/23105/55604/10109/10602/10787/8829/23580/23038/3320/4137/57403/282991/5979/118426/7504/2475/59341/8195/6049/5580/7474/2017/6387/9948/5048/6344/1207/23011/1982/27347/382/65125/2932/91663/387/7408/1173/11135/64223/729991/11078/5216/57521/2059/1201/10505/8301/6366/10507/10542/29766/81873/6560/3575/2150/29767/23557/1182/10439/119032/6405/23075/54434/9530/6840/154796/9897/7114/7111/1955/55971/23108/23400/9368/4099/6711/3055/128239/10565/9026/5587/2039/57580/3984/5027/659/80131/10456/51393/23341/11151/9423/5728/23191/25959/5756/51520/9706/9175/7410/2258/832/7430/2314"
"GO:1903900","regulation of viral life cycle",125,0.369429960385151,1.6488151205408,0.000677266352630202,0.0246087729775316,0.0208774910967351,3494,"tags=34%, list=22%, signal=26%","11043/684/6590/286827/8724/6780/6609/3838/104/4939/201626/5806/5045/51495/11074/7251/4599/55128/57169/7301/9023/596/7153/682/1642/4940/940/1654/24138/5359/5886/200316/5610/56829/9217/9636/25893/89870/23367/27074/26986/23272"
"GO:0097401","synaptic vesicle lumen acidification",14,0.720761798731968,2.00617684924466,0.000689723886553179,0.0248265888104224,0.0210622808103896,3096,"tags=79%, list=20%, signal=63%","526/51606/10159/9296/9114/523/529/51382/1182/527/535"
"GO:0007034","vacuolar transport",156,0.340977405622366,1.56748999753409,0.000691909808337849,0.0248265888104224,0.0210622808103896,3581,"tags=35%, list=23%, signal=27%","7781/6272/143187/4074/65082/7879/950/128866/10490/26175/91782/65018/9114/57132/3920/55652/5660/81609/151636/2896/7251/55737/8906/51510/64747/23484/3916/8678/8027/11267/57617/84315/1201/84313/26985/27072/137492/23557/55207/79158/54741/51479/25978/7805/55297/411/80700/30845/80762/3482/51542/23400/10239/9179/3312"
"GO:0042060","wound healing",371,0.281720144069927,1.44609603114604,0.000701707231885536,0.0250217466972352,0.021227848067567,3382,"tags=30%, list=22%, signal=24%","5154/6403/966/2048/29071/54361/1026/5467/8573/308/6609/2717/3685/5530/977/196527/5156/8324/128866/51330/7414/203859/221477/91782/5581/5270/2768/57132/51156/2247/114897/79987/23208/6812/11234/3688/389/84034/23657/2475/84962/11117/2131/11235/780/2022/5580/7474/81027/6915/199731/1289/8840/1281/94/1609/10019/51510/9158/2621/6714/387/7301/1605/2683/960/2677/2876/3569/1398/57175/171389/5291/6281/302/7099/83478/10855/81542/2150/2243/5588/7057/6484/3091/55207/3673/1861/3611/4853/10413/5359/3693/5051/57591/25978/64581/3491/4772/2266/27346/7040/50848/79602/10544/840/94121/2624/79803/84750/5547/7056"
"GO:0051453","regulation of intracellular pH",74,0.431972171863562,1.7750712033912,0.000709302520110953,0.0251364553577592,0.0213251641361493,3160,"tags=41%, list=20%, signal=32%","8992/526/65082/51606/7879/10159/56833/9296/9114/3920/523/2896/55647/51382/252839/57282/3916/596/5538/1201/533/23557/1182/23682/506/84679/527/535/150159/147007"
"GO:0006892","post-Golgi vesicle-mediated transport",107,0.383292412093961,1.6620204549783,0.000720835803669699,0.0253884561280229,0.0215389555284449,3562,"tags=38%, list=23%, signal=30%","27032/55770/6272/143187/10490/10067/10791/4905/90196/91461/5877/10066/3996/10890/9727/8906/3916/9581/60412/1201/4644/28952/403/117177/582/50807/6102/51125/51479/7805/55297/11031/288/30845/54536/160/51542/23233/6711/10239/9179"
"GO:0051131","chaperone-mediated protein complex assembly",20,0.627573430277729,1.92994311350118,0.000742846721282775,0.0256908616077374,0.0217955090638897,1566,"tags=45%, list=10%, signal=41%","9361/166379/3320/3326/8195/10273/3329/10728/10576"
"GO:0002183","cytoplasmic translational initiation",43,0.494857906341317,1.81212706384744,0.000737091789729891,0.0256908616077374,0.0217955090638897,4071,"tags=53%, list=26%, signal=40%","8894/8892/51386/2475/1968/4686/8562/27335/8669/8891/8668/23521/8663/728689/1973/8667/1981/28985/8664/22916/208/8666/8662"
"GO:0009117","nucleotide metabolic process",436,0.278004503368073,1.4507003951821,0.000739361465667991,0.0256908616077374,0.0217955090638897,3317,"tags=30%, list=21%, signal=24%","80201/55312/8226/5141/4708/2617/8573/526/8459/351/5223/6120/4191/5315/29922/25824/5152/7086/2327/2023/57103/25939/5901/115/30968/3098/29789/114789/5230/65018/144811/3939/4718/7167/23171/79631/54541/523/4354/4199/5226/8930/5634/128240/11182/55270/2475/51715/4706/3614/9540/2618/10380/5136/55022/2326/8870/80308/706/5209/5563/515/7374/1723/4709/8505/10059/6714/8833/64223/79077/122481/7157/1497/5663/2539/7084/57521/4967/4720/4702/8460/1635/1841/27284/6241/5214/112/23433/51727/3735/9567/64802/11315/221264/64080/100/5213/54539/4968/514/1353/6240/3091/4190/142/57190/134145/2597/3417/25996/4712/498/5631/506/1267/195827/527/129607/5236/7040/7114/3607/84433/3945/25796/4726/7298/2987"
"GO:0043524","negative regulation of neuron apoptotic process",128,0.364530341238179,1.63186687477604,0.000764009221758196,0.0261081960840107,0.0221495655957091,3850,"tags=39%, list=25%, signal=30%","6622/219699/2907/6418/65018/64114/58533/2247/5098/7832/8829/8321/6812/2896/598/55074/581/8831/6648/1499/4929/387/7301/5663/100528062/596/5538/1201/7043/64802/11315/2629/5584/8882/2043/4192/3091/1271/2632/8846/4776/57215/23529/51542/6347/4099/10617/5641/6093/1191"
"GO:0009615","response to virus",355,0.285420159117417,1.46270327169788,0.000760755429950226,0.0261081960840107,0.0221495655957091,3216,"tags=29%, list=21%, signal=23%","11043/684/23076/6356/6609/51728/10533/81570/2537/104/9213/84993/5245/10269/2023/25939/60509/1147/1687/4939/79594/51284/1072/2736/201626/2635/10758/54541/8772/3320/10488/23765/8372/151636/1021/9474/598/4686/6363/201292/22948/2131/11074/4599/581/4828/1174/6387/3454/3460/23087/57169/55210/2962/8673/4600/64771/8678/4953/3569/55718/6693/9641/596/171389/10542/708/1653/79102/4940/3459/2150/10955/4283/3091/1654/8467/10577/3716/7098/24138/23478/5359/8517/200316/4790/5610/3588/3925/10146/56829/57678/9217/64170/9636/51311/7040/55054/7097/54765/89870/64108"
"GO:0032964","collagen biosynthetic process",41,0.502529688398335,1.8281795055878,0.000788243237139507,0.0266089838733949,0.0225744219111283,2065,"tags=37%, list=13%, signal=32%","55323/54361/90993/9508/25824/861/11117/2022/1277/1289/2355/3569/10609/3066/7043"
"GO:0120032","regulation of plasma membrane bounded cell projection assembly",181,0.335521313823031,1.57745720572571,0.000792568584279833,0.0266089838733949,0.0225744219111283,2464,"tags=27%, list=16%, signal=23%","2048/653464/7226/79734/55845/4134/391/5217/64422/10109/10602/10787/8829/23580/3320/79647/10096/84260/9474/2475/1902/6363/10097/5580/9727/5898/989/139818/382/54521/57787/2932/11135/5216/2059/1201/7043/6366/23433/10163/54874/83478/117177/8976/49856/2150/2665/50807"
"GO:0021700","developmental maturation",251,0.312664701391555,1.52835955578556,0.000783656393262424,0.0266089838733949,0.0225744219111283,4738,"tags=48%, list=30%, signal=34%","1026/526/351/26256/231/29887/51606/10159/11057/1901/51324/10220/967/9296/9114/523/6812/81609/84079/2697/5979/11022/5518/529/8434/6363/2131/22883/7474/51382/29842/1499/4929/55737/94/5925/1050/387/56975/1605/59277/11334/5216/2539/596/8301/6366/26133/23787/26470/2252/10507/2629/631/9331/2034/23557/372/27289/3091/1182/7704/10981/23424/5991/8314/23682/64581/64131/3021/2266/4313/1910/4776/399979/865/253832/527/3020/535/7040/25893/9897/2624/7298/8506/7534/6855/6690/2260/3753/712/6790/1672/137964/6093/51360/4882/91851/537/6886/4763/3600/5728/860/994/675/9334/64434/9175/1738/991/650/4066/558/5468/9991/645811/5026/8851/718"
"GO:0034763","negative regulation of transmembrane transport",94,0.395024245305441,1.68511504086096,0.000798913196356286,0.0266660503504735,0.0226228357377022,3954,"tags=40%, list=25%, signal=30%","6536/2048/55013/4318/796/5530/7531/10971/5581/29979/8682/5532/4946/23327/10550/55022/55917/27347/51719/23704/596/10681/805/6236/7057/5999/10105/6717/7341/288/808/7040/2171/3753/208/7416/3553/7009"
"GO:1902850","microtubule cytoskeleton organization involved in mitosis",153,0.348067429928926,1.59723834637375,0.000807665128742306,0.0268003177864013,0.0227367450009037,4206,"tags=42%, list=27%, signal=31%","9700/9371/29127/23291/4134/128866/5901/91782/84722/2009/10579/8243/57132/6993/9793/3688/54820/2697/6867/5048/7283/1104/137886/83541/3796/51510/3619/387/26073/5524/55201/2770/55968/22919/49856/3611/51119/891/84142/163786/25978/3925/10252/9183/1639/1778/22974/4733/55755/10540/6491/9493/6790/10460/54908/24137/55143/2316/9525/56992/126731/1062/7272/8480"
"GO:0030595","leukocyte chemotaxis",192,0.327755791640838,1.55378765191022,0.000812272303576699,0.0268003177864013,0.0227367450009037,4081,"tags=37%, list=26%, signal=28%","58191/4282/796/351/6356/7226/196527/6368/56833/3929/1901/6280/729230/4354/10488/79647/23765/284114/57118/90550/102/59341/6363/7474/5594/6387/27347/6279/65125/2621/10059/9023/4814/3569/719/6283/682/6366/63940/5595/708/2150/4192/8792/7057/4283/6348/51119/1436/83700/1843/23075/4313/1910/23521/146433/80024/6374/7060/6347/2358/6362/57580/5641/64127/1803/3553/3689/11151/4856/8600"
"GO:0002360","T cell lineage commitment",37,0.519421746537351,1.86381274053153,0.000827019801421526,0.0269287342442645,0.0228456904350447,2677,"tags=35%, list=17%, signal=29%","9760/1514/5591/2475/6776/3662/387/7157/3569/6693/596/10538/3716"
"GO:0032543","mitochondrial translation",128,0.363194493064612,1.62588677891689,0.000823347946776137,0.0269287342442645,0.0228456904350447,5444,"tags=54%, list=35%, signal=35%","65080/51335/2617/740/84311/28998/55173/55157/51318/51081/60488/51021/118487/55168/10128/51258/54931/64979/65993/54516/81554/26995/65005/124995/708/51649/283459/84340/51116/55278/6183/54148/8846/285367/23107/85476/9553/7284/51067/55699/64963/28957/22868/23395/63931/64965/65003/4528/26164/51263/54534/28977/80222/51253/29088/10102/65008/6472/51650/51204/64928/116541/51642/219927/11222/10573/3396/28973/57129"
"GO:0060491","regulation of cell projection assembly",183,0.33642789416531,1.58481126025326,0.000830236189032368,0.0269287342442645,0.0228456904350447,2464,"tags=27%, list=16%, signal=23%","2048/653464/7226/79734/55845/4134/391/5217/64422/10109/10602/10787/8829/23580/3320/79647/10096/84260/9474/2475/1902/6363/10097/5580/9727/5898/989/139818/382/54521/57787/2932/6714/11135/5216/2059/1201/7043/6366/23433/10163/54874/83478/117177/8976/49856/2150/2665/50807"
"GO:0000045","autophagosome assembly",109,0.388419311431123,1.68991008826541,0.000855174842197736,0.0275817908374,0.0233997279411527,2330,"tags=30%, list=15%, signal=26%","2048/79837/29978/10533/7879/9637/6048/65018/5899/64422/81876/29979/1509/11337/60673/51375/9474/2475/51715/5305/81631/51100/137886/11345/8987/79142/8678/22930/5663/10043/165324/64112/55968"
"GO:0018108","peptidyl-tyrosine phosphorylation",167,0.331595798054447,1.54054174422243,0.000861770039533592,0.0276392279159908,0.0234484561771357,4195,"tags=36%, list=27%, signal=27%","5154/2048/285489/5159/351/5156/6997/51704/5781/58533/353514/8829/91461/2475/7251/780/5580/90/2202/199731/5621/1609/122809/10006/6714/64223/30844/7157/5663/3569/84313/2252/10507/9052/5595/6422/23568/2674/9961/2043/654/1436/5770/7040/146433/7039/4038/7060/3690/2260/3055/2039/9181/64127/3689/10456/9655/3600/3932/29883"
"GO:0032930","positive regulation of superoxide anion generation",21,0.61555723572444,1.91936219590324,0.000866596033724364,0.0276395990533976,0.023448771041185,4284,"tags=62%, list=27%, signal=45%","1994/351/57126/5581/4137/5580/1401/2150/64581/7040/2358/3689/2950"
"GO:0043271","negative regulation of monoatomic ion transport",87,0.39743914574535,1.68235310543688,0.000873519183720846,0.027706484164317,0.0235055147605487,3527,"tags=39%, list=23%, signal=30%","6536/2048/55013/54899/4318/796/5530/7531/10971/5581/5270/29979/5532/23327/27347/65125/51719/23704/596/10681/805/6236/6781/5999/10105/2564/6717/7341/288/808/7040/9368/6690/3753"
"GO:0033077","T cell differentiation in thymus",79,0.415611436430681,1.73983965963809,0.000882447829551043,0.0278358955464425,0.0236153042645036,2722,"tags=32%, list=17%, signal=26%","54361/9760/9093/8324/567/2736/5591/8772/1021/9474/3140/8876/1499/8325/7157/6693/596/79576/6655/2629/100/3575/940/1209/285282"
"GO:0010821","regulation of mitochondrion organization",103,0.392117296832511,1.69383371730193,0.000902916798173248,0.0283148228436447,0.0240216146641506,2246,"tags=29%, list=14%, signal=25%","4318/10493/27069/54978/10928/5910/79594/65018/284114/4137/90550/598/578/51499/581/5898/55022/55737/8870/2932/10059/1634/90427/7157/2876/80821/10730/637/292/64112"
"GO:0098876","vesicle-mediated transport to the plasma membrane",145,0.354466687233248,1.61292006305827,0.000912426794299648,0.0283148228436447,0.0240216146641506,4491,"tags=43%, list=29%, signal=31%","51201/27032/8724/55770/143187/7879/950/10791/85377/4905/90196/29934/91461/81609/84079/10311/51375/9784/3996/22883/10890/9727/55737/10079/382/30844/11267/9581/60412/1201/9559/28952/403/56850/117177/644150/582/50807/57706/10123/51125/30846/11021/11031/288/30845/51762/54536/23527/23233/6711/10938/23673/537/10399/10640/10807/10228/10434/23513/63971/7260/83871"
"GO:0006470","protein dephosphorylation",126,0.35827788327707,1.59891925670238,0.000910882325603614,0.0283148228436447,0.0240216146641506,4778,"tags=45%, list=31%, signal=32%","22843/5782/5530/23291/1033/5793/10076/5781/8073/5516/5518/1845/5532/57460/8732/55917/54704/132160/80824/5791/5496/54935/5536/993/151742/51657/5537/5523/5784/1843/54434/52/114971/1849/5770/160760/150290/5499/1850/1844/11266/92609/8446/5780/1847/5728/11122/994/10106/5500/10454/9989/5494/26191/142679/9107/147699"
"GO:0060294","cilium movement involved in cell motility",99,-0.365933025085286,-1.68964947090985,0.000920104168170623,0.0283995592982126,0.0240935030341,2679,"tags=28%, list=17%, signal=24%","585/114327/151195/146754/22873/117155/55779/138162/26140/7802/54970/9104/146279/57639/79925/3633/220004/221481/145788/127602/257044/345895/401565/25981/120935/134121/79846/9148"
"GO:0006098","pentose-phosphate shunt",19,0.65012859178525,1.95941692844401,0.000943528007188455,0.0289668143811172,0.0245747486026512,2263,"tags=58%, list=15%, signal=50%","6120/7086/57103/5226/5634/2475/64223/7157/2539/57521/64080"
"GO:0010273","detoxification of copper ion",12,0.722004186145355,1.91665494339605,0.000963781687322904,0.0292755061741841,0.0248366352951438,3503,"tags=83%, list=22%, signal=65%","326343/4499/4502/4493/4501/11315/4494/4489/4490/4496"
"GO:1990169","stress response to copper ion",12,0.722004186145355,1.91665494339605,0.000963781687322904,0.0292755061741841,0.0248366352951438,3503,"tags=83%, list=22%, signal=65%","326343/4499/4502/4493/4501/11315/4494/4489/4490/4496"
"GO:0032967","positive regulation of collagen biosynthetic process",22,0.618820380288712,1.95910624143139,0.000976528689369083,0.029506585292989,0.0250326772615554,3124,"tags=45%, list=20%, signal=36%","55323/54361/90993/25824/861/2022/3066/7043/3673/7040"
"GO:0008543","fibroblast growth factor receptor signaling pathway",60,0.438006130998448,1.7416134425241,0.0010058754553399,0.0299984963734203,0.0254500027906042,2894,"tags=37%, list=19%, signal=30%","54361/1490/90993/27020/2885/5781/2247/91612/3688/2131/2817/7474/1499/55959/9158/56975/84287/23767/2252/7057/26291/10252"
"GO:0002274","myeloid leukocyte activation",199,0.323652250846497,1.53971127034562,0.00100848454974223,0.0299984963734203,0.0254500027906042,2726,"tags=26%, list=17%, signal=22%","9173/55013/8754/4282/351/6622/9846/9258/10537/5320/57126/3929/729230/5581/284021/10758/8291/23208/6812/4137/613/2896/102/84868/161145/5580/7474/867/3329/3460/27347/11314/1050/3662/8673/8013/5663/3569/6283/3735/51063/10538/7099/3459/2150/7048/4317/7057/6348/4853/7098/5359"
"GO:0050804","modulation of chemical synaptic transmission",338,0.287432184694397,1.46220475061624,0.00100624740513154,0.0299984963734203,0.0254500027906042,2339,"tags=23%, list=15%, signal=20%","4920/51201/9294/6536/10755/2048/54899/8573/27020/6780/79827/351/6622/9590/5530/3706/5152/51304/2892/26232/6507/9775/729230/65018/5581/5217/5270/128977/11252/8291/23208/6812/3688/4756/4137/613/7532/23154/9474/1977/5532/23657/81539/22883/7474/5594/8831/91683/57282/5048/6344/55737/84961/5601/5621/2932/127262/2894/3908/1605/9581/22930/5663/57617/5216/7804/1201/4130/4744/4983/7533/5595/64854/51063/2918/116443/2043"
"GO:1903557","positive regulation of tumor necrosis factor superfamily cytokine production",94,0.391242955054937,1.66898461557515,0.00104711236436124,0.0302084024311452,0.0256280820412561,4357,"tags=48%, list=28%, signal=35%","2048/4282/351/9590/3133/3929/5781/9261/4939/729230/353514/8772/83786/6363/84868/7474/929/5663/3569/6693/3066/7099/4940/3459/4317/2212/7057/6348/7098/942/64581/64170/4776/7040/7097/2213/9181/64127/1191/1660/113277/6774/4023/4615/1536"
"GO:0001539","cilium or flagellum-dependent cell motility",102,-0.347993603727529,-1.62023989160047,0.00104372835495031,0.0302084024311452,0.0256280820412561,2679,"tags=27%, list=17%, signal=23%","585/114327/151195/146754/22873/117155/55779/138162/26140/7802/54970/9104/146279/57639/79925/3633/220004/221481/145788/127602/257044/345895/401565/25981/120935/134121/79846/9148"
"GO:0060285","cilium-dependent cell motility",102,-0.347993603727529,-1.62023989160047,0.00104372835495031,0.0302084024311452,0.0256280820412561,2679,"tags=27%, list=17%, signal=23%","585/114327/151195/146754/22873/117155/55779/138162/26140/7802/54970/9104/146279/57639/79925/3633/220004/221481/145788/127602/257044/345895/401565/25981/120935/134121/79846/9148"
"GO:2001242","regulation of intrinsic apoptotic signaling pathway",163,0.345366311695113,1.5893981752579,0.00103270531244803,0.0302084024311452,0.0256280820412561,4166,"tags=40%, list=27%, signal=30%","57007/90993/4318/8440/4282/351/8531/2907/2023/6280/1687/65018/2247/29979/8321/10134/10488/754/51060/598/8876/51499/581/6648/6387/6878/10961/1499/6279/6714/8678/7157/960/2876/596/4824/637/11315/5291/10955/3091/1654/6615/142/51657/10105/9479/9529/114971/5770/4313/624/6188/9368/138151/2213/50484/9181/1191/7417/7009/3301/10399/22954/3932"
"GO:0010562","positive regulation of phosphorus metabolic process",430,0.275587353872564,1.43743223411619,0.00103364994375231,0.0302084024311452,0.0256280820412561,4142,"tags=33%, list=27%, signal=25%","9294/5154/8754/4318/285489/1026/5159/4282/1894/27020/796/143384/351/10928/6622/100133941/3655/8324/2023/57103/2547/6997/51704/5781/896/65018/84722/5217/5899/2247/353514/8829/5911/3320/2200/4137/79109/5604/2475/6363/11235/5580/7474/5594/90/10961/1917/55022/222658/219771/5563/56005/5621/1609/2011/51719/10006/1116/2621/6714/387/65992/64223/30844/7157/1389/5300/5663/51347/3569/57521/8797/6283/4824/2252/10507/132671/805/11315/23568/2674/7099/57600/2043/6091/8503/8792/4216/80829/654/7057/3091/85442/1654/1436/3093/7098/10920/23682/3491/9530/5770/1856/195827/808/22974/7040/146433/7114/894/7039/9770/8543/6188/1981/10211/4038/7060/22924/3690/2260/23531/5716/9181/64127/5027/6093/6386/22998/7164/10457/3553/10456/8877/7520/10399/8600/1601/3600/1062/369"
"GO:0045937","positive regulation of phosphate metabolic process",430,0.275587353872564,1.43743223411619,0.00103364994375231,0.0302084024311452,0.0256280820412561,4142,"tags=33%, list=27%, signal=25%","9294/5154/8754/4318/285489/1026/5159/4282/1894/27020/796/143384/351/10928/6622/100133941/3655/8324/2023/57103/2547/6997/51704/5781/896/65018/84722/5217/5899/2247/353514/8829/5911/3320/2200/4137/79109/5604/2475/6363/11235/5580/7474/5594/90/10961/1917/55022/222658/219771/5563/56005/5621/1609/2011/51719/10006/1116/2621/6714/387/65992/64223/30844/7157/1389/5300/5663/51347/3569/57521/8797/6283/4824/2252/10507/132671/805/11315/23568/2674/7099/57600/2043/6091/8503/8792/4216/80829/654/7057/3091/85442/1654/1436/3093/7098/10920/23682/3491/9530/5770/1856/195827/808/22974/7040/146433/7114/894/7039/9770/8543/6188/1981/10211/4038/7060/22924/3690/2260/23531/5716/9181/64127/5027/6093/6386/22998/7164/10457/3553/10456/8877/7520/10399/8600/1601/3600/1062/369"
"GO:0070050","neuron cellular homeostasis",47,0.472063324746302,1.77432804436857,0.00106082988407174,0.0304394440446164,0.0258240921890447,3096,"tags=49%, list=20%, signal=39%","526/351/51606/10159/9296/9114/523/529/10989/81628/51382/7301/5663/3569/4130/23557/3074/1182/8314/25978/1639/527/535"
"GO:0018212","peptidyl-tyrosine modification",169,0.342138119994146,1.59030022836422,0.00106790926347071,0.0304394440446164,0.0258240921890447,4195,"tags=37%, list=27%, signal=27%","5154/2048/285489/5159/8459/351/5156/6997/51704/5781/58533/353514/8829/91461/2475/7251/780/5580/90/2202/199731/5621/1609/122809/10006/6714/64223/30844/7157/5663/3569/84313/8460/2252/10507/9052/5595/6422/23568/2674/9961/2043/654/1436/5770/7040/146433/7039/4038/7060/3690/2260/3055/2039/9181/64127/3689/10456/9655/3600/3932/29883"
"GO:0008380","RNA splicing",422,-0.24619505320033,-1.37133841226817,0.00107102729437598,0.0304394440446164,0.0258240921890447,2822,"tags=26%, list=18%, signal=22%","51747/9406/22827/8233/54517/10915/3187/6434/9879/55696/11218/6638/79753/83759/494115/117143/57703/91746/1198/7375/56943/5935/8996/285672/57060/57035/51329/94104/80004/6431/6427/55082/4857/29896/58509/55578/2521/2648/1153/23759/57396/6626/6606/6607/140890/11066/9541/79228/56949/51503/57794/8241/4154/57721/23398/55051/64783/55094/1196/9295/55015/283375/6936/55285/10084/27332/10199/56339/6432/10250/199746/1195/112869/23091/10181/65110/10180/51202/8563/11129/51631/55692/9984/11325/79026/5411/10629/9129/9584/79706/6430/3609/55596/6625/81576/338657/7536/23064/6429/6421/8175/55131/57018/58517/6433/23451/83707/7919/81669"
"GO:0170044","non-proteinogenic amino acid catabolic process",18,-0.632069214118671,-1.97027955139147,0.00109574822530258,0.0308367184385398,0.0261611302294894,2907,"tags=67%, list=19%, signal=54%","7915/5009/18/8942/64577/64902/1757/642/56267/112817/875/102724560"
"GO:0061097","regulation of protein tyrosine kinase activity",40,0.500067380235857,1.81033360816157,0.00109180247713895,0.0308367184385398,0.0261611302294894,3144,"tags=40%, list=20%, signal=32%","285489/51704/58533/353514/7251/122809/10006/6714/5663/84313/9052/9961/2043/1436/5770/146433"
"GO:0090670","RNA localization to Cajal body",19,0.644397652431151,1.94214449999186,0.00114391856351634,0.0309775305337138,0.0262805918241813,3939,"tags=74%, list=25%, signal=55%","8607/10574/10575/167227/22948/10576/55651/1736/7203/6950/55505/55164/10856/908"
"GO:0090671","telomerase RNA localization to Cajal body",19,0.644397652431151,1.94214449999186,0.00114391856351634,0.0309775305337138,0.0262805918241813,3939,"tags=74%, list=25%, signal=55%","8607/10574/10575/167227/22948/10576/55651/1736/7203/6950/55505/55164/10856/908"
"GO:0090672","telomerase RNA localization",19,0.644397652431151,1.94214449999186,0.00114391856351634,0.0309775305337138,0.0262805918241813,3939,"tags=74%, list=25%, signal=55%","8607/10574/10575/167227/22948/10576/55651/1736/7203/6950/55505/55164/10856/908"
"GO:0090685","RNA localization to nucleus",19,0.644397652431151,1.94214449999186,0.00114391856351634,0.0309775305337138,0.0262805918241813,3939,"tags=74%, list=25%, signal=55%","8607/10574/10575/167227/22948/10576/55651/1736/7203/6950/55505/55164/10856/908"
"GO:0035082","axoneme assembly",57,-0.429261527088162,-1.73200159542199,0.00110632866492041,0.0309775305337138,0.0262805918241813,3509,"tags=39%, list=23%, signal=30%","115948/11188/79864/83538/27148/146754/55779/138162/26140/23116/54970/8481/51364/57639/79925/145788/345895/136332/25981/79846/85452/9148"
"GO:0042177","negative regulation of protein catabolic process",102,0.379548567502047,1.63359494661233,0.00112849380354635,0.0309775305337138,0.0262805918241813,3452,"tags=33%, list=22%, signal=26%","55353/135644/10755/8724/6622/5245/5270/29934/9827/1457/3326/5045/113451/1595/55737/11345/23450/65992/5300/4130/5476/4983/165324/11315/302/51582/51035/9529/51322/54971/8667/27074/54972/23400"
"GO:0006909","phagocytosis",204,0.311293083811681,1.48502379506239,0.00112503972536455,0.0309775305337138,0.0262805918241813,5282,"tags=49%, list=34%, signal=33%","8724/311/3685/196527/7879/3929/25912/7052/10326/729230/5581/56882/64422/5806/8291/23208/55652/3688/57118/613/9474/55647/5580/8406/2621/11314/6714/7301/8678/11334/929/1201/1401/7275/7099/2150/2212/7057/55207/1182/3673/5359/22841/8685/64581/1793/11031/7040/7097/2624/4689/1089/6347/3690/140885/2358/3055/3312/55646/2213/961/23603/3601/3984/64127/5027/5914/10461/3689/81035/8877/11151/4481/10399/3600/26060/10960/4615/7087/5873/7410/83871/9066/558/718/63894/3071/7525/29108/25/6556/22918/5747/5290/10584/27102/949/51552/301"
"GO:0042063","gliogenesis",270,0.299596765716285,1.48179337738528,0.0011355531432519,0.0309775305337138,0.0262805918241813,4547,"tags=39%, list=29%, signal=28%","4920/4323/351/653464/145864/253782/8140/2885/5781/8892/6280/729230/5270/2247/4137/5604/1021/2896/2475/1902/7133/2817/5594/9948/1499/5048/80045/706/1281/5209/5925/6279/29956/56288/387/3908/1605/7157/11076/5663/3569/7804/4720/3066/10419/5595/57211/23512/3691/2629/5584/7099/2043/9331/3459/4192/8891/3074/27242/10810/4147/6348/3611/1436/26227/7846/6497/79628/1267/9283/57178/7040/146433/9921/7097/5025/23529/4771/8506/51542/57716/1462/6347/4099/712/3913/9682/9444/208/1191/3553/6659/6886/4763/9423/5728/64398/6774/9334/4615/23513/7852/650/79143/79006/22800"
"GO:0045670","regulation of osteoclast differentiation",57,0.4529970085529,1.77661023132864,0.00115364423478068,0.0310942326379148,0.0263795990824324,4483,"tags=49%, list=29%, signal=35%","4982/796/5530/133308/10272/2200/2475/1499/171392/57521/3635/6422/7030/7099/8792/6348/10766/4853/7098/84293/9770/56834/4763/8600/4286/151176/169200/7071"
"GO:0030199","collagen fibril organization",60,0.435853817041066,1.73305534560394,0.00115944144199063,0.0311044547591972,0.0263882712842629,2583,"tags=38%, list=17%, signal=32%","84171/9508/7373/1303/79709/2331/165/11117/2131/1278/1277/8985/1289/1281/1290/5925/4320/2296/10609/10491/302/4016/57190"
"GO:0000098","sulfur amino acid catabolic process",11,-0.741658003378427,-1.97349666064445,0.0011697219105923,0.0312342952963275,0.0264984248730017,1558,"tags=64%, list=10%, signal=57%","642/4143/51380/1036/189/875/102724560"
"GO:1905521","regulation of macrophage migration",39,0.492822860583766,1.77469922901734,0.00120715050150892,0.0319366406873858,0.0270942778097588,3227,"tags=46%, list=21%, signal=37%","4282/4323/56833/729230/79647/613/59341/11117/5594/975/719/5595/4192/7057/6348/1436/146433/5025"
"GO:0021782","glial cell development",111,0.361037980545537,1.5751443155759,0.0012055113022573,0.0319366406873858,0.0270942778097588,4278,"tags=41%, list=27%, signal=30%","4920/351/253782/2885/8892/6280/4137/5604/1021/2896/1902/5594/6279/56288/1605/11076/5663/3569/5595/57211/3691/7099/9331/3459/4192/8891/10810/3611/26227/6497/79628/7040/7097/8506/57716/4099/712/3913/208/1191/3553/6659/4763/5728/64398/9334"
"GO:0008630","intrinsic apoptotic signaling pathway in response to DNA damage",100,0.393385174710764,1.69740608772975,0.00123117931230255,0.0324229377611419,0.0275068405505741,2794,"tags=31%, list=18%, signal=26%","57007/1026/4282/57646/51246/5591/54541/8445/29965/598/7133/578/51499/79073/581/6648/6387/8870/7157/960/9641/597/596/23612/637/672/64112/57600/6615/22938/204851"
"GO:0007009","plasma membrane organization",124,0.362983125710606,1.61815383229044,0.00125153102066081,0.032808399952574,0.0278338574025358,4167,"tags=44%, list=27%, signal=32%","6609/196527/53947/128866/203859/91782/11252/85377/57132/4905/23208/5104/284612/8560/5580/51100/727910/1289/51510/1201/257364/57194/6281/302/54874/8976/50807/55207/3611/5359/246777/30846/25978/79065/81037/79628/288/840/94121/55971/10211/57716/9368/6711/23136/147650/5027/208/1191/7417/81035/9525/5728/64398"
"GO:0052372","modulation by symbiont of entry into host",47,0.466723266377153,1.75425655220586,0.00126215197341174,0.0329211596030215,0.0279295199778474,2067,"tags=26%, list=13%, signal=22%","11043/286827/8724/55770/6609/3685/5806/5045/11074/55128/9023/682"
"GO:0002690","positive regulation of leukocyte chemotaxis",82,0.407043637954291,1.71319879602614,0.00127548377418494,0.0329211596030215,0.0279295199778474,2626,"tags=37%, list=17%, signal=31%","351/196527/3929/729230/10488/79647/284114/57118/90550/102/59341/6363/7474/5594/6387/27347/65125/2621/10059/3569/719/6366/63940/5595/708/2150/4192/7057/6348/1436"
"GO:0007051","spindle organization",188,0.320147417679249,1.50884151234951,0.00127412621499763,0.0329211596030215,0.0279295199778474,4786,"tags=43%, list=31%, signal=30%","9700/9371/29127/26112/4134/128866/5901/90417/91782/84722/2009/10579/8243/57132/9793/5518/6867/55142/81027/7283/1104/83541/54930/3796/55521/51510/3619/6047/387/26073/5524/11076/55201/1642/2770/22919/49856/9133/259266/3611/51119/891/84142/203068/163786/25978/3925/1639/1778/22974/9897/4733/10540/6491/140609/6188/9493/22924/6790/10460/24137/55143/2316/7405/9525/56992/126731/1062/5728/7272/8480/28989/991/7430/29899/26065/64946/6683/9126/4605/3192"
"GO:0010001","glial cell differentiation",201,0.31659930654187,1.50772803590968,0.00127877000374043,0.0329211596030215,0.0279295199778474,4297,"tags=38%, list=28%, signal=28%","4920/351/145864/253782/2885/5781/8892/6280/5270/2247/4137/5604/1021/2896/2475/1902/7133/2817/5594/9948/1499/80045/5209/6279/56288/387/3908/1605/11076/5663/3569/3066/10419/5595/57211/23512/3691/2629/7099/2043/9331/3459/4192/8891/27242/10810/3611/26227/7846/6497/79628/1267/9283/7040/146433/7097/23529/8506/51542/57716/1462/4099/712/3913/9682/9444/208/1191/3553/6659/6886/4763/5728/64398/6774/9334/4615"
"GO:0007566","embryo implantation",51,0.465466093183598,1.77297518391619,0.0012866046878726,0.0329749888976634,0.0279751874567036,3907,"tags=49%, list=25%, signal=37%","4318/5467/796/7004/5125/8614/2697/8434/85360/780/91/7216/682/708/2288/3691/3490/6781/3021/4313/3020/84172/3690/2192/3553"
"GO:0097193","intrinsic apoptotic signaling pathway",289,0.293643388748529,1.47187570855632,0.0013278260843309,0.0338802202228608,0.0287431639401125,3093,"tags=28%, list=20%, signal=23%","57007/90993/4318/8440/1026/4282/351/8531/2537/100133941/2907/57646/2023/51246/6280/1687/65018/2247/5591/54541/29979/8321/10134/10488/754/51060/8445/29965/598/8876/7133/578/51499/11235/79073/581/5580/10550/6648/6387/6878/10961/1499/8870/51527/6279/6714/57761/8678/7157/960/2876/9641/597/596/23612/4824/637/672/11315/5291/64112/57600/133746/10955/3091/1654/6615/142/51657/10105/22938/204851/9479/9529/114971/5770/4313/4776/54205"
"GO:0035987","endodermal cell differentiation",42,0.487083856166616,1.77676342879195,0.00135278490173279,0.0343643279683537,0.0291538693074877,3267,"tags=48%, list=21%, signal=38%","3914/4318/4323/3685/1303/2885/1284/5604/8019/1499/1289/1290/4324/3281/3909/4317/23168/3693/4313/123169"
"GO:0050730","regulation of peptidyl-tyrosine phosphorylation",129,0.355018299885147,1.59213941735186,0.00143020906464216,0.0361710583264785,0.030686655887314,4195,"tags=39%, list=27%, signal=29%","5154/285489/351/6997/51704/5781/58533/353514/8829/2475/7251/5580/90/199731/5621/1609/122809/10006/6714/64223/30844/7157/5663/3569/84313/2252/10507/9052/6422/23568/2674/9961/2043/654/1436/5770/7040/146433/7039/4038/7060/3690/2039/9181/64127/3689/10456/9655/3600/29883"
"GO:0016064","immunoglobulin mediated immune response",152,0.338483865462492,1.55191901261466,0.00143797546539589,0.036207969942271,0.0307179708143433,4297,"tags=43%, list=28%, signal=31%","28457/28388/9214/28452/3133/28434/28442/10758/28439/79987/102723169/28424/28448/100423062/28394/50615/3494/28473/165918/5580/3500/975/28392/3329/7374/3501/28423/28385/28450/1604/8741/3635/708/28395/10538/57289/3539/940/2212/55061/3507/28408/23075/64170/51311/7040/28410/80762/84542/3263/23529/712/2210/2213/3514/64127/3493/9156/1191/7158/28444/3495/10459/3502/4615"
"GO:0071364","cellular response to epidermal growth factor stimulus",41,0.487370567711417,1.7730313334452,0.00144637210325536,0.0362603591475504,0.0307624165560219,2303,"tags=32%, list=15%, signal=27%","84687/5782/6997/5781/90417/58533/4141/1845/1277/1915/2296/8678/8882"
"GO:0048524","positive regulation of viral process",63,0.43783760171446,1.7589510960382,0.00147646680297737,0.0365780824970734,0.0310319654037824,4712,"tags=49%, list=30%, signal=34%","6780/6609/3838/104/7879/90120/201626/5045/51495/9474/7251/2040/7301/7153/682/1642/940/1654/5886/9217/23367/26986/103/23633/1660/6732/29883/6733/6737/558/5481"
"GO:0097529","myeloid leukocyte migration",194,0.321139580649629,1.51953280209468,0.00147815975253807,0.0365780824970734,0.0310319654037824,4081,"tags=37%, list=26%, signal=27%","4920/4282/4323/796/351/6356/196527/6368/56833/57126/3929/6280/729230/4354/10488/79647/23765/57118/613/90550/59341/6363/11117/5594/6387/9948/975/5048/6279/11314/10059/2683/4814/3569/719/6283/682/6366/5595/708/4192/8792/7057/4283/6348/1436/83700/1843/23075/4313/1910/23521/146433/5025/3554/6374/7060/6347/140885/2358/961/6362/57580/5641/64127/1803/3553/3689/4763/4856/8600"
"GO:0050803","regulation of synapse structure or activity",245,0.305398234274116,1.48553856857666,0.00146576478170989,0.0365780824970734,0.0310319654037824,4371,"tags=38%, list=28%, signal=28%","4920/9294/84687/2048/351/6622/653464/3706/391/65078/1072/4076/647135/5911/8321/2049/3688/7162/7436/81609/26115/79414/23657/102/22883/7474/7058/8831/1499/5048/91107/55737/5621/382/387/10486/2894/1605/5663/100528062/7804/10280/5538/1201/4738/2239/23767/2252/10507/56850/347902/10154/2043/8976/50807/203068/6405/9040/9379/3799/25978/1793/7846/64218/5770/1639/154796/57622/4776/7097/1981/4038/8506/7534/89910/78999/2260/3312/2213/6093/3587/29904/5818/54583/4763/8825/9423/57502/23191/11122/84062/8536/7087/9456"
"GO:0006534","cysteine metabolic process",12,-0.715265479908942,-1.95309080775097,0.00150347467278084,0.0370448416156001,0.0314279526133136,1379,"tags=67%, list=9%, signal=61%","51380/2729/1036/1491/2678/189/875/102724560"
"GO:0090504","epiboly",36,0.50579205461986,1.80359121886511,0.0015700800687355,0.0371194779673911,0.0314912722989977,4145,"tags=58%, list=27%, signal=43%","3685/977/3688/389/2475/84962/11235/780/1289/94/387/960/83478/1861/3693/57591/3491/3690/10630/2316/5728"
"GO:0006687","glycosphingolipid metabolic process",54,0.454025888526933,1.74625659928199,0.0015566834811183,0.0371194779673911,0.0314912722989977,2513,"tags=39%, list=16%, signal=33%","64781/6609/4074/6483/2717/9375/950/84002/53947/4758/2720/256435/581/5580/9514/2523/27090/285362/2629/9331/3074"
"GO:0007492","endoderm development",67,0.424491763118916,1.7201012249236,0.0015639535757522,0.0371194779673911,0.0314912722989977,3459,"tags=42%, list=22%, signal=33%","3914/4318/4323/3685/1303/2885/1284/4087/5604/3915/8019/2131/1499/1289/1290/4324/3281/657/3909/4317/23168/3693/23648/1843/4313/7040/123169/1844"
"GO:0006665","sphingolipid metabolic process",135,0.354274528200616,1.59779227204623,0.00157480984239547,0.0371194779673911,0.0314912722989977,3798,"tags=39%, list=24%, signal=29%","9200/64781/6609/4074/6483/2717/9375/950/253782/84002/2531/53947/64834/79071/6610/4758/5660/27293/2720/51495/8560/256435/581/5580/9514/2523/27090/60481/29956/126410/166929/55331/5538/285362/2629/9331/151742/3074/29095/3491/2583/9218/51542/8879/8705/54898/55852/5587/8703/5027/30815/9517"
"GO:0051897","positive regulation of phosphatidylinositol 3-kinase/protein kinase B signal transduction",160,0.341752445589799,1.57476356678975,0.00152079897616897,0.0371194779673911,0.0314912722989977,2626,"tags=28%, list=17%, signal=24%","4920/5154/6403/5159/5467/351/9258/219699/5156/5245/65018/2247/114897/3688/7162/5979/2475/6363/4150/780/2022/867/56005/1116/2621/6714/1634/7301/8678/84280/2876/4824/56917/6366/10507/708/11315/10855/23551/2150/940/7057/92140/6348/1436"
"GO:0051260","protein homooligomerization",154,0.341463078801668,1.56999264055625,0.0015573948836328,0.0371194779673911,0.0314912722989977,3258,"tags=35%, list=21%, signal=28%","1994/4282/1894/351/7226/6510/79734/3790/2892/25939/7052/241/83892/567/283219/4199/4137/23510/79689/57192/54442/6648/23089/55737/51074/5621/7408/7126/30844/54968/4814/5311/21/10280/10015/10409/9908/171389/2744/3738/7083/92799/3749/284252/54557/10721/6742/79792/64170/54793/30845/286133/84433/64784"
"GO:0099177","regulation of trans-synaptic signaling",339,0.286218188819327,1.45766203979532,0.00155958518733887,0.0371194779673911,0.0314912722989977,2339,"tags=23%, list=15%, signal=20%","4920/51201/9294/6536/10755/2048/54899/8573/27020/6780/79827/351/6622/9590/5530/3706/5152/51304/2892/26232/6507/9775/729230/65018/5581/5217/5270/128977/11252/8291/23208/6812/3688/4756/4137/613/7532/23154/9474/1977/5532/23657/81539/22883/7474/5594/8831/91683/57282/5048/6344/55737/84961/5601/5621/2932/127262/2894/3908/1605/9581/22930/5663/57617/5216/7804/1201/4130/4744/4983/7533/5595/64854/51063/2918/116443/2043"
"GO:0031647","regulation of protein stability",334,0.284864088929878,1.44839556283488,0.00152232166383913,0.0371194779673911,0.0314912722989977,3946,"tags=33%, list=25%, signal=25%","92703/483/10755/8607/6622/55742/10574/9093/23291/4591/5245/57646/6048/79594/10575/79139/65018/5217/9802/3920/5591/6812/3320/81572/1457/3327/3326/2896/2475/22948/11235/6907/10273/23327/5580/51100/5594/975/55737/3329/23011/10728/10576/5621/64747/3916/6714/8078/65992/7157/1389/5300/116143/5216/596/5476/7485/10491/64854/11315/7203/6950/2043/1512/1410/8266/23435/10474/2319/55278/2597/11186/285282/51125/5886/122830/7341/9529/9530/1603/6674/4092/9100/3092/8293/728492/54765/23176/55172/9770/9531/10869/4771/10211/7534/252983/54997/6790/7398/3312/56926/9026/79155/5824/208/1191/2316/10856/908/6659/5828"
"GO:0007178","cell surface receptor protein serine/threonine kinase signaling pathway",300,0.285634859004135,1.43934704746895,0.00156453139119095,0.0371194779673911,0.0314912722989977,4330,"tags=37%, list=28%, signal=27%","10755/8754/6424/5654/10272/7791/2331/6997/10220/9719/84312/644815/408050/58533/23105/9372/4091/10566/4087/283149/8321/2200/4756/2530/50515/3326/5045/11167/348093/11117/2131/10273/1278/11171/2022/7474/90/8848/23089/23420/84913/8819/1281/91/94/6714/25855/8678/7157/5300/83891/3066/7043/5595/6422/4053/657/4086/7048/654/7057/151742/2658/142/3611/57190/4853/56937/27302/3693/22938/10252/3491/6497/4092/57178/7040/58516/60436/6711/27122/27250/56926/7321/7323/51232/23770/6386/2280/5931/23213/9688/659/268/4052/79685/168667/64426/9392/91851/51295/4856/1601/64398/6774/860/26060/2719/55756/8239/8312"
"GO:0007268","chemical synaptic transmission",485,0.265161960651368,1.40201444007691,0.00157762630622599,0.0371194779673911,0.0314912722989977,2610,"tags=23%, list=17%, signal=19%","4920/51201/9294/6856/4885/116372/11245/6536/10755/2048/54899/8573/27020/6780/79827/351/2831/6622/9590/8447/5530/104/3706/56122/5152/51304/6509/2892/26232/6507/9775/729230/2030/65018/5581/5217/5270/128977/11252/8291/23208/6812/3688/4756/7162/4137/613/7532/11337/23154/9474/1977/5532/23657/81539/2131/22883/7474/5594/8831/9900/91683/1499/57282/5048/6344/55737/84961/5601/5621/1131/2932/127262/1621/9501/2894/3908/1605/9581/22930/5663/57617/5216/7804/60412/5538/1201/57586/4130/4744/4983/7533/5595/64854/11315/51063/2918/6512/116443/23551/2043/2744/6560/29767/23557/1182/1861/51247/3749/5999"
"GO:0098916","anterograde trans-synaptic signaling",485,0.265161960651368,1.40201444007691,0.00157762630622599,0.0371194779673911,0.0314912722989977,2610,"tags=23%, list=17%, signal=19%","4920/51201/9294/6856/4885/116372/11245/6536/10755/2048/54899/8573/27020/6780/79827/351/2831/6622/9590/8447/5530/104/3706/56122/5152/51304/6509/2892/26232/6507/9775/729230/2030/65018/5581/5217/5270/128977/11252/8291/23208/6812/3688/4756/7162/4137/613/7532/11337/23154/9474/1977/5532/23657/81539/2131/22883/7474/5594/8831/9900/91683/1499/57282/5048/6344/55737/84961/5601/5621/1131/2932/127262/1621/9501/2894/3908/1605/9581/22930/5663/57617/5216/7804/60412/5538/1201/57586/4130/4744/4983/7533/5595/64854/11315/51063/2918/6512/116443/23551/2043/2744/6560/29767/23557/1182/1861/51247/3749/5999"
"GO:0034766","negative regulation of monoatomic ion transmembrane transport",67,0.423914379243493,1.71776158303262,0.00159492195147805,0.0373732527487162,0.0317065687196087,3124,"tags=39%, list=20%, signal=31%","6536/2048/55013/4318/796/5530/7531/10971/5581/29979/5532/23327/27347/51719/23704/596/10681/805/6236/5999/10105/6717/7341/288/808/7040"
"GO:0051495","positive regulation of cytoskeleton organization",166,0.33688156339553,1.56255960571586,0.00161816993940423,0.0377638765126816,0.03203796452556,3881,"tags=38%, list=25%, signal=29%","22843/54361/1490/8440/10300/6356/55845/2885/84722/5581/5217/55604/10109/9793/10602/10787/8829/23580/4137/389/2475/59341/1902/2017/9948/382/387/7408/11135/64223/5216/57606/7043/6366/6422/6281/10163/22919/2150/10810/27302/23075/163786/9530/1639/154796/1778/4733/55755/6249/6491/6188/55971/4771/3055/961/5587/3984/5027/8936/22998/6385/2316"
"GO:0007288","sperm axoneme assembly",20,-0.614019299175482,-1.92558588518844,0.00163714825712324,0.0378000837380546,0.0320686818646996,2048,"tags=35%, list=13%, signal=30%","55779/54970/57639/79925/25981/79846/9148"
"GO:0007212","G protein-coupled dopamine receptor signaling pathway",30,0.52320395660541,1.79254434400663,0.00163947410743348,0.0378000837380546,0.0320686818646996,4290,"tags=50%, list=28%, signal=36%","2782/8787/2774/55737/2932/10419/10681/112/2767/5999/83855/2769/9368/2316/84062"
"GO:0032956","regulation of actin cytoskeleton organization",301,0.291075201474547,1.46823066378003,0.00163291199502968,0.0378000837380546,0.0320686818646996,3881,"tags=34%, list=25%, signal=26%","22843/5154/684/54361/1490/8440/5159/1894/29984/136319/6356/7226/5156/55845/10092/2885/391/830/1901/5581/5217/822/55604/10109/10602/10787/8829/23580/55616/389/2475/1902/8195/2764/5580/2017/6387/9948/5898/382/91663/387/7408/11135/64223/11078/5216/54509/2059/6050/7043/1398/57175/6366/23433/6422/6281/29766/10163/81873/2150/27237/29767/23370/27289/10810/5999/1436/27302/83700/23075/54434/3925/9530/1613/6840/1856/154796/27236/7040/50848/9897/7114/7111/1955/55971/4771/3690/6711/3055/10565/9026/961/5587/2039/57580/3984/6093/8936/22998/6385/2316"
"GO:0044319","wound healing, spreading of cells",35,0.519030787252388,1.84536107235755,0.00165935635665271,0.0379536447949928,0.0321989593719106,4145,"tags=60%, list=27%, signal=44%","3685/977/3688/389/2475/84962/11235/780/1289/94/387/960/83478/1861/3693/57591/3491/3690/10630/2316/5728"
"GO:0090505","epiboly involved in wound healing",35,0.519030787252388,1.84536107235755,0.00165935635665271,0.0379536447949928,0.0321989593719106,4145,"tags=60%, list=27%, signal=44%","3685/977/3688/389/2475/84962/11235/780/1289/94/387/960/83478/1861/3693/57591/3491/3690/10630/2316/5728"
"GO:1904872","regulation of telomerase RNA localization to Cajal body",12,0.704592493809294,1.87043331916009,0.0016766405673665,0.0380458240998066,0.032277162076991,2283,"tags=67%, list=15%, signal=57%","10574/10575/167227/22948/10576/1736/7203/6950"
"GO:0034314","Arp2/3 complex-mediated actin nucleation",41,0.483161400447547,1.75771857978099,0.00167655622166699,0.0380458240998066,0.032277162076991,3801,"tags=51%, list=24%, signal=39%","55845/10092/55604/10109/10787/10096/2764/10097/6050/57175/10093/10163/81873/644150/133746/10810/10095/27236/9897/9026/8936"
"GO:0032760","positive regulation of tumor necrosis factor production",91,0.39548933896709,1.67685571515623,0.00169925072212948,0.0384070802982101,0.0325836431466768,4357,"tags=48%, list=28%, signal=35%","2048/4282/351/9590/3133/3929/5781/9261/4939/729230/353514/8772/83786/6363/84868/7474/929/5663/3569/6693/3066/7099/4940/3459/4317/2212/7057/6348/7098/64581/64170/4776/7040/7097/2213/9181/64127/1191/1660/113277/6774/4023/4615/1536"
"GO:0006735","NADH regeneration",16,0.666587889578918,1.94490748167284,0.00175254484769661,0.0388469496935376,0.0329568177618054,2334,"tags=50%, list=15%, signal=43%","5223/5315/2023/3098/5230/7167/5214/5213"
"GO:0061621","canonical glycolysis",16,0.666587889578918,1.94490748167284,0.00175254484769661,0.0388469496935376,0.0329568177618054,2334,"tags=50%, list=15%, signal=43%","5223/5315/2023/3098/5230/7167/5214/5213"
"GO:0061718","glucose catabolic process to pyruvate",16,0.666587889578918,1.94490748167284,0.00175254484769661,0.0388469496935376,0.0329568177618054,2334,"tags=50%, list=15%, signal=43%","5223/5315/2023/3098/5230/7167/5214/5213"
"GO:0010592","positive regulation of lamellipodium assembly",24,0.586638660588056,1.89790060530444,0.00173867894416149,0.0388469496935376,0.0329568177618054,1290,"tags=33%, list=8%, signal=31%","55845/10109/10787/3320/79647/10096/2475/10097"
"GO:0045596","negative regulation of cell differentiation",494,0.264294341523404,1.40142259312477,0.00173295171504088,0.0388469496935376,0.0329568177618054,4184,"tags=33%, list=27%, signal=25%","2048/4982/54361/4318/645382/343071/5467/6272/284273/796/351/6356/3685/5530/10272/8365/51094/8324/65078/5781/10220/463/8370/567/1495/6993/23105/4091/7832/8829/166379/2200/79647/3688/4904/1021/1977/7070/861/348093/59341/7376/6597/3313/6049/7474/5594/28951/8831/6648/10541/8848/1499/2202/171392/864/1289/8840/706/1290/94/5925/25920/29956/6776/4320/2932/1050/57761/7157/5663/2539/3569/10505/10419/54542/22920/7533/1401/10507/3635/6422/4303/23512/51621/657/7528/122953/5318/7099/3399/2043/4192/4086/605/10527/259266/51564/6615/6348/7704/10766/5999/22882/5978/7098/10413/6405/11007/9275/23414/10252/4772/6497/4092/5087/1910/4776/865/9283/80306/7040/9921/7114/121504/58516/55755/2624/1786/123169/9464/4771/4038/9868/81606/152330/3690/4099/440275/27250/678/2213/51232/27257/9682/9444/5914/4037/659/5977/3553/1903/56834/6659/1869/4882/7001/9619/4763/4856/9655/9423/5728/8362/6774"
"GO:0099537","trans-synaptic signaling",490,0.26296959222481,1.39035006377882,0.0017844473069363,0.0394019691889282,0.0334276829522036,2610,"tags=22%, list=17%, signal=19%","4920/51201/9294/6856/4885/116372/11245/6536/10755/2048/54899/8573/27020/6780/79827/351/2831/6622/9590/8447/5530/104/3706/56122/5152/51304/6509/2892/26232/6507/9775/729230/2030/65018/5581/5217/5270/128977/11252/8291/23208/6812/3688/4756/7162/4137/613/7532/11337/23154/9474/1977/5532/23657/81539/2131/22883/7474/5594/8831/9900/91683/1499/57282/5048/6344/55737/84961/5601/5621/1131/2932/127262/1621/9501/2894/3908/1605/9581/22930/5663/57617/5216/7804/60412/5538/1201/57586/4130/4744/4983/7533/5595/64854/11315/51063/2918/6512/116443/23551/2043/2744/6560/29767/23557/1182/1861/51247/3749/5999"
"GO:1902117","positive regulation of organelle assembly",84,0.395421075779936,1.677940739956,0.00180922176022975,0.0397959468409156,0.0337619241160841,4238,"tags=43%, list=27%, signal=31%","4478/79837/79734/4076/5899/51375/9474/5305/51100/9727/989/5601/57787/2932/6714/387/8678/22930/10015/9908/64112/117177/49856/50807/163786/10146/1778/10801/6491/8396/6386/6385/9525/9738/22954/10807"
"GO:1905898","positive regulation of response to endoplasmic reticulum stress",36,0.502206488724026,1.79080553924575,0.00182364178663001,0.0399600286146675,0.0339011271463923,1298,"tags=28%, list=8%, signal=26%","8440/55161/351/29978/29979/10134/22926/578/10273/581"
"GO:0006887","exocytosis",286,0.29356751874585,1.4694335798475,0.00184535818706867,0.0402821344181036,0.0341743939626446,4082,"tags=34%, list=26%, signal=26%","8573/55770/6622/8447/9846/7879/57126/10490/729230/5217/9144/284021/5899/4905/23208/8492/6812/8372/613/5532/3996/7251/10890/867/9900/91683/9805/5898/10257/10972/84961/10079/23011/127262/11314/283849/3916/9501/8673/8013/8027/11267/9581/22930/5663/57617/10015/60412/64780/57586/6281/302/117177/644150/2150/2243/23557/55207/6348/55255/5978/22841/6453/8676/79363/23265/11031/2266/399979/51760/94122/90019/94121/2624/8775/192683/51762/51150/54536/200081/23400/23233/6855/3055/10565/2213/200933/5027/6386/6385/10652/3689/140775/11151/9525/8825/10640/5908"
"GO:0098760","response to interleukin-7",21,0.597044413722332,1.86163757075362,0.00190452672885259,0.0410991067878625,0.0348674936710897,3029,"tags=48%, list=19%, signal=38%","10755/4904/3329/2355/6776/5887/3575/3716/506/10963"
"GO:0001706","endoderm formation",48,0.478980671777,1.80130108658304,0.00190460659588336,0.0410991067878625,0.0348674936710897,3459,"tags=48%, list=22%, signal=37%","3914/4318/4323/3685/1303/2885/1284/4087/5604/8019/1499/1289/1290/4324/3281/3909/4317/23168/3693/1843/4313/123169/1844"
"GO:0006898","receptor-mediated endocytosis",229,0.306462851262823,1.48473909342468,0.00191141987673912,0.0410991067878625,0.0348674936710897,3927,"tags=35%, list=25%, signal=27%","57007/58191/6424/9214/796/351/10928/6622/29978/4074/143458/10487/3685/133308/950/2885/2966/1514/967/567/85377/5899/3688/7436/163/23154/1902/55182/6363/9784/867/2017/1174/975/5898/23011/382/1211/636/1173/929/5538/1201/57720/8301/161/6366/4983/26985/5291/302/1212/54874/156/4043/8976/1175/55061/8685/3161/84058/6453/11031/23317/3092/51760/9829/3482/43/10211/160/3690/2213/9026/8936/6386/4037/1191/1803/3689"
"GO:0050807","regulation of synapse organization",241,0.30186585727141,1.4672096447472,0.00190668428996219,0.0410991067878625,0.0348674936710897,4371,"tags=38%, list=28%, signal=28%","4920/9294/84687/2048/351/6622/653464/3706/391/65078/1072/4076/647135/5911/8321/2049/3688/7162/7436/81609/26115/79414/23657/102/22883/7474/7058/1499/5048/91107/55737/5621/382/387/10486/2894/1605/5663/100528062/7804/10280/1201/4738/2239/23767/2252/10507/56850/347902/10154/2043/8976/50807/203068/6405/9040/9379/3799/25978/1793/7846/64218/5770/1639/154796/57622/4776/7097/1981/4038/8506/7534/89910/78999/2260/3312/2213/6093/3587/29904/5818/54583/4763/8825/9423/57502/23191/11122/84062/8536/7087/9456"
"GO:0044770","cell cycle phase transition",493,0.25935129692706,1.3731711976904,0.00192310458072284,0.0411960574549621,0.0349497442851712,4291,"tags=33%, list=28%, signal=25%","29117/84687/10983/1871/9700/1026/143384/351/1978/1019/5530/7319/10197/10537/1033/57646/128866/5781/6118/896/26270/91782/2935/3275/5591/27338/3688/322/151636/1021/1977/6597/51499/79858/2735/51776/5889/90/10361/8870/55544/1104/219771/8720/91/80169/898/5925/3619/9577/51379/1063/65992/54584/11329/5311/7157/27339/79184/51347/586/57521/2059/596/54619/131601/64682/55159/57099/6241/4303/79035/805/637/672/1642/29766/1164/5720/993/605/9133/6240/1654/9587/2305/5537/11065/11186/891/84142/58493/144715/54962/8738/9275/1843/6598/163786/9183/1017/23194/9314/5087/51322/8317/808/7040/7114/6601/894/23326/55755/113130/6491/1024/5218/1111/1981/9575/57082/252983/6347/51512/6790/440275/3312/27085/128239/3550/678/5976/10460/54908/50484/2029/55143/9032/701/7332/51360/7164/5977/10457/51343/1869/7158/9525/1062/3014/8454/5728/8453/7272/26060/51529/994/25959/580/10459/675/134353/10106"
"GO:0045050","protein insertion into ER membrane by stop-transfer membrane-anchor sequence",11,0.72490718361344,1.88127482219544,0.00193366558500745,0.0411983331707951,0.0349516749477477,2093,"tags=64%, list=13%, signal=55%","55831/93380/56851/284361/10328/65125/51234"
"GO:0043086","negative regulation of catalytic activity",365,0.276883790327306,1.41844025394454,0.00193756313466551,0.0411983331707951,0.0349516749477477,3001,"tags=24%, list=19%, signal=20%","22843/5918/2048/6590/4318/1026/23076/6272/351/6622/6609/2717/9093/23677/2537/104/64853/25824/10999/729230/64114/5270/58533/51156/5806/24144/5104/51291/4137/1457/7532/151636/1676/1845/7070/8434/51499/56925/7251/117584/2022/5580/28951/9806/171392/1475/80196/51527/5621/122809/5925/65125/2932/2621/11314/6714/57761/11329/7157/960/5663/2876/10653/64780/334/84313/9052/10542/51050/2629/5858/9961/51035/7014/7057/10527/10959/1654/2597/1992/4790/1843/9479/9529/1849/9530/4092/7013/5770"
"GO:1903078","positive regulation of protein localization to plasma membrane",58,0.43609589822123,1.71796154709526,0.00198417325560985,0.042033721994303,0.0356603987325957,2845,"tags=29%, list=18%, signal=24%","51201/84687/27032/2048/3767/391/5581/25921/3688/5621/382/245812/1201/5584/27237/22841/3799"
"GO:0071868","cellular response to monoamine stimulus",40,0.48968934781858,1.77276326941496,0.00200763476369983,0.0422191618256436,0.035817721425252,3881,"tags=45%, list=25%, signal=34%","2782/8787/7052/2774/55737/2932/8013/3066/10419/10681/112/2767/5999/83855/2769/9368/5587/2316"
"GO:0071870","cellular response to catecholamine stimulus",40,0.48968934781858,1.77276326941496,0.00200763476369983,0.0422191618256436,0.035817721425252,3881,"tags=45%, list=25%, signal=34%","2782/8787/7052/2774/55737/2932/8013/3066/10419/10681/112/2767/5999/83855/2769/9368/5587/2316"
"GO:0061795","Golgi lumen acidification",13,0.697597488132891,1.90992219291662,0.00203820310170971,0.0422430469563735,0.0358379849956711,3082,"tags=62%, list=20%, signal=49%","51606/10159/9296/523/51382/533/84679/527"
"GO:0090141","positive regulation of mitochondrial fission",20,0.598841350160693,1.84158487925615,0.0020275831048327,0.0422430469563735,0.0358379849956711,2083,"tags=45%, list=13%, signal=39%","10928/79594/65018/90550/5898/55737/10059/1634/80821"
"GO:0071459","protein localization to chromosome, centromeric region",30,0.514751255200299,1.76358462016659,0.00201644292624662,0.0422430469563735,0.0358379849956711,4956,"tags=60%, list=32%, signal=41%","8365/10664/8370/5925/54069/9183/121504/57082/27085/3550/54908/701/3012/8362/7272/91272/8970/55920"
"GO:0061025","membrane fusion",148,0.344563691224613,1.5698868692394,0.00203277986891303,0.0422430469563735,0.0358379849956711,4252,"tags=41%, list=27%, signal=30%","143187/6622/8447/65082/7879/128866/10490/1514/91782/57132/4905/23208/5104/6812/84079/5877/5305/55647/84272/137886/51510/2621/9501/8673/9023/57617/10043/1201/165324/27072/302/55968/23557/55207/9570/246777/51479/25978/8676/79363/90019/9218/23176/8775/80230/23400/8396/147650/1803/10652/7405/8877/9392/23673/11151/8417/9482/9842/25801/10228"
"GO:0030317","flagellated sperm motility",91,-0.366179011159007,-1.6742610883502,0.00206336020429205,0.0424578886481744,0.0360202515195597,2679,"tags=27%, list=17%, signal=23%","585/114327/151195/22873/117155/55779/138162/26140/7802/54970/9104/146279/57639/79925/3633/220004/221481/145788/257044/401565/25981/120935/134121/79846/9148"
"GO:0097722","sperm motility",91,-0.366179011159007,-1.6742610883502,0.00206336020429205,0.0424578886481744,0.0360202515195597,2679,"tags=27%, list=17%, signal=23%","585/114327/151195/22873/117155/55779/138162/26140/7802/54970/9104/146279/57639/79925/3633/220004/221481/145788/257044/401565/25981/120935/134121/79846/9148"
"GO:0050920","regulation of chemotaxis",172,0.328938670406709,1.5286564628426,0.00208185519142569,0.0426854666213388,0.0362133231982205,3895,"tags=39%, list=25%, signal=30%","5159/4282/351/196527/5156/56833/3929/1901/729230/2247/8829/4354/10488/79647/284114/7162/57118/90550/1845/102/59341/1902/6363/7474/5594/6387/27347/65125/2621/10059/285/4814/3569/719/57175/6366/63940/5595/708/1233/6091/2150/4192/7057/3673/6348/1436/6405/83700/1843/23075/7040/146433/80024/7114/5025/7060/6347/2260/2358/5587/5641/64127/6480/659/2152/1803"
"GO:0089718","amino acid import across plasma membrane",41,0.477253550596026,1.73622609830181,0.00210722036720363,0.0428190181922161,0.0363266251387313,1333,"tags=29%, list=9%, signal=27%","6536/6520/6510/206358/8140/6583/6509/6507/3688/23657/81539/10550"
"GO:0006334","nucleosome assembly",71,0.416193978640015,1.70748953587535,0.00211074414708189,0.0428190181922161,0.0363266251387313,4967,"tags=56%, list=32%, signal=39%","55506/3005/6749/8365/6418/8370/29855/54107/7259/10541/8520/8344/8347/83743/4673/4676/8467/8353/11198/3021/8349/3020/55723/121504/3006/3148/23569/8339/3014/8362/8351/9733/8341/144108/23270/4675/11177/8970/29028/266812"
"GO:0071675","regulation of mononuclear cell migration",124,0.35651122605005,1.58930254831567,0.00209867146922396,0.0428190181922161,0.0363266251387313,3722,"tags=37%, list=24%, signal=28%","4478/4282/4323/351/196527/56833/729230/8772/10488/79647/284114/613/102/59341/11117/7474/5594/6387/975/27347/65125/2621/387/4814/6693/719/1398/6366/5595/708/8976/4192/7057/6348/1436/83700/1843/7040/146433/80024/5025/6347/3690/2358/961/5641"
"GO:0008277","regulation of G protein-coupled receptor signaling pathway",109,0.37343754906454,1.62472838741228,0.00212138655454617,0.0428833810198929,0.0363812290136588,3504,"tags=33%, list=22%, signal=26%","5141/84687/796/351/6622/29978/5530/7529/5082/5245/51304/2966/2869/6993/55737/1609/23322/10019/9501/636/10419/7275/100/156/2870/6091/29767/3091/5999/3925/23516/6004/64784/6586/3690/6855"
"GO:1903901","negative regulation of viral life cycle",28,0.542631747953941,1.83428844142658,0.00213108239927365,0.0429282247516843,0.036419273357116,1786,"tags=25%, list=11%, signal=22%","11043/684/286827/8724/5806/11074/9023"
"GO:0006458","'de novo' protein folding",47,0.452447864249965,1.70060009339809,0.00216326236049867,0.0434240881525274,0.0368399519397399,4099,"tags=47%, list=26%, signal=35%","10574/6388/10575/3313/27348/22948/3329/10728/10576/7203/54788/6950/1861/27433/131474/9403/25822/3312/6767/2280/908/7266"
"GO:1905477","positive regulation of protein localization to membrane",95,0.379043897002997,1.61704215726567,0.00218541180446282,0.0437158507645332,0.0370874763222059,5498,"tags=49%, list=35%, signal=32%","51201/84687/27032/2048/3767/6526/391/5581/25921/3688/2040/975/5621/382/245812/1201/1398/5584/27237/22841/3799/54434/288/246329/4038/6711/208/3689/5780/10399/285966/9847/6769/3675/7430/8851/5583/85409/11261/57214/2852/493/5290/4641/1969/23184/207"
"GO:0032965","regulation of collagen biosynthetic process",29,0.551839955881708,1.87969653501507,0.00221442982448241,0.0441425056331719,0.0374494400507314,2564,"tags=38%, list=16%, signal=32%","55323/54361/90993/25824/861/11117/2022/3569/3066/7043/3673"
"GO:0002363","alpha-beta T cell lineage commitment",31,0.525097203155585,1.81203565317484,0.00222504237436885,0.0442005822534656,0.0374987108585127,2677,"tags=35%, list=17%, signal=29%","9760/1514/2475/6776/3662/387/3569/6693/596/10538/3716"
"GO:1903317","regulation of protein maturation",61,0.434288361050981,1.7354018750111,0.00223773919009045,0.0442995196217562,0.0375826469420999,2516,"tags=38%, list=16%, signal=32%","2619/4323/143458/2023/9462/5270/29934/10418/84236/5045/861/23409/5621/6714/23552/1201/6281/302/55848/1522/2243/7057/4241"
"GO:0030032","lamellipodium assembly",65,0.426603270432679,1.71532986129599,0.00226428863810848,0.044671068973817,0.0378978604757747,1290,"tags=25%, list=8%, signal=23%","8440/29984/55845/1901/7414/84448/55604/10109/10787/3320/79647/3688/10096/2475/84962/10097"
"GO:0010458","exit from mitosis",30,0.511058332489506,1.75093233106496,0.00234431310652372,0.0459341349643436,0.0389694152825049,3271,"tags=37%, list=21%, signal=29%","84687/128866/91782/27338/10361/2059/9587/11065/9183/7040/113130"
"GO:0051336","regulation of hydrolase activity",497,0.260809606999856,1.38443152680818,0.00233769873973611,0.0459341349643436,0.0389694152825049,3117,"tags=27%, list=20%, signal=22%","5918/6590/54361/4318/23076/1894/6272/351/10928/6622/6356/9093/23677/10197/2537/950/3655/10999/391/65078/7052/6280/5910/79594/65018/5270/51156/83464/5806/8772/55616/5104/2049/10488/51291/3688/5660/4137/55357/9827/389/1457/613/5979/5134/1509/5045/1676/7070/2896/7376/8434/578/51499/6363/56925/85360/5698/117584/5580/7474/10550/10541/9806/1475/3329/80196/139818/6279/65125/2932/2621/6714/387/65992/960/5300/22930/2876/10653/64780/334/23786/4824/1398/23787/10681/10507/10542/6422/374969/337/805/1611/51050/6281/9448/6251/5858/4940/2043/5720/6091/2150/1512/51035/7014/27237/50807/7057/10959/1654/2597/55854/4210/5978/64115/22841/1992/8738/3925/64581/5905/9530/57186/7805/7013/1856/3092/64170/808/5996"
"GO:0019373","epoxygenase P450 pathway",16,-0.641727346556036,-1.92209993506085,0.00235452417340452,0.0459772900663788,0.0390060270330925,3582,"tags=69%, list=23%, signal=53%","1559/1579/1555/1558/66002/8529/1544/1548/1543/1549/1557"
"GO:0043030","regulation of macrophage activation",48,0.474082718050107,1.7828813676045,0.00236913555910898,0.0460145107362568,0.0390376041541745,2577,"tags=40%, list=17%, signal=33%","9173/55013/4282/6622/9258/3929/23208/2896/84868/7474/3329/1050/3569/3735/51063/7099/4317/7057/6348"
"GO:0019724","B cell mediated immunity",154,0.335838258191912,1.54413061473267,0.00237246040375057,0.0460145107362568,0.0390376041541745,4297,"tags=42%, list=28%, signal=31%","28457/28388/9214/28452/3133/28434/28442/10758/28439/79987/102723169/28424/28448/100423062/28394/50615/3494/28473/165918/5580/3500/975/28392/3329/7374/3501/28423/28385/28450/1604/8741/3635/708/28395/10538/57289/3539/940/2212/55061/3507/28408/23075/64170/51311/7040/28410/80762/84542/3263/23529/712/2210/2213/3514/64127/3493/9156/1191/7158/28444/3495/10459/3502/4615"
"GO:0120034","positive regulation of plasma membrane bounded cell projection assembly",101,0.369023084117706,1.59113213494584,0.00238114131363149,0.0460273814193885,0.0390485233321741,2464,"tags=32%, list=16%, signal=27%","79734/55845/10109/10602/10787/8829/23580/3320/79647/10096/2475/6363/10097/9727/5898/989/139818/57787/2932/11135/5216/2059/7043/6366/23433/10163/54874/117177/8976/49856/2150/50807"
"GO:0061620","glycolytic process through glucose-6-phosphate",18,0.631069840224154,1.88735145397543,0.00244675878476923,0.0471370543065777,0.0399899431194886,2334,"tags=44%, list=15%, signal=38%","5223/5315/2023/3098/5230/7167/5214/5213"
"GO:0043269","regulation of monoatomic ion transport",329,0.280999976601688,1.42779288483047,0.00246478393588772,0.0473255002539511,0.0401498161286832,3966,"tags=33%, list=25%, signal=25%","6536/483/2048/55013/476/55151/54899/4318/51669/3767/5159/8787/8573/796/6622/5530/3790/196527/7531/6786/8614/10971/967/729230/5581/567/5270/84876/23171/353514/29979/6324/10488/3688/1318/9474/5532/7070/578/23327/581/2040/6387/1499/10768/3460/706/27347/5621/65125/51719/55676/23704/5311/2539/2783/150094/596/7533/10681/805/11315/5652/6236/5318/776/81/81542/6781/4283/6348/57190/134145/5999/10105/2564/6717/3799/7341/27433/288/808/7040/30845/80024/7114/246329/5025/784/9368/54997/6347/7439/3690/6690/79041/3753/4302/5587/30818/5027/9914/2280/2316/7416/3762/9454/7009/5024/51393"
"GO:0006111","regulation of gluconeogenesis",46,-0.438764279355299,-1.69860086262747,0.00249815218104111,0.04780630557119,0.0405577197953586,2216,"tags=26%, list=14%, signal=22%","2308/55657/2648/51422/1196/84912/6934/2875/27232/3953/114899/4485"
"GO:0044458","motile cilium assembly",50,-0.428778304076616,-1.71591335070051,0.00250869791713453,0.0478486204062104,0.0405936186836212,2289,"tags=26%, list=15%, signal=22%","585/22873/55779/7802/54970/51364/57639/79925/221481/25981/120935/79846/9148"
"GO:0060541","respiratory system development",183,0.32251347933748,1.51926461064,0.00252438396517966,0.0479883720003193,0.0407121805747169,3124,"tags=32%, list=20%, signal=26%","5154/157506/55151/1490/4323/83716/7481/3371/5156/10741/9719/2736/2247/4087/2200/91461/5604/23657/9242/2131/2735/7474/5594/1499/8985/2355/4124/1281/10728/23322/4048/1116/1050/1605/21/28511/10409/54542/7043/2252/5595/657/302/100/1522/1512/7048/2034/57190/10413/23414/10252/2002/6497/9394/7068/23521/7040"
"GO:0071622","regulation of granulocyte chemotaxis",47,0.447669584323741,1.68264013838253,0.00253676931684816,0.0480646622047039,0.0407769033491625,3895,"tags=45%, list=25%, signal=34%","3929/4354/79647/57118/90550/59341/6363/5594/10059/719/6366/5595/708/4192/7057/1436/83700/146433/7060/64127/1803"
"GO:0030497","fatty acid elongation",12,0.69064755511156,1.83341464779606,0.00255563314385282,0.0482627956541416,0.0409449950021018,1633,"tags=50%, list=10%, signal=45%","9200/64834/79071/51144/51495/60481"
"GO:0030833","regulation of actin filament polymerization",116,0.35740838955916,1.56564420974565,0.00256864802567563,0.0483495354603403,0.0410185829673896,4932,"tags=49%, list=32%, signal=34%","8440/136319/6356/10092/2885/830/5581/5217/822/55604/10109/10602/10787/23580/2475/8195/5580/2017/382/91663/7408/11135/64223/11078/5216/2059/6366/29766/81873/29767/54434/9530/6840/7114/7111/1955/55971/6711/3055/10565/9026/2039/57580/10456/11151/23191/25959/5756/832/2314/163782/342184/5962/11344/3071/1236/29108"
"GO:0061136","regulation of proteasomal protein catabolic process",182,0.310447860449744,1.46016326536545,0.002626216811885,0.0492716036504306,0.0418008434420086,4330,"tags=36%, list=28%, signal=26%","10755/6613/29978/10197/65018/2768/29979/10134/1457/3326/11337/55270/10273/28951/25898/11345/5601/122809/2932/1452/1050/8078/57761/65992/5663/2876/4130/4983/165324/11315/2629/56893/5720/5887/81542/51035/3093/5886/7341/9529/1017/4092/51322/51667/10869/8667/27074/27351/79699/6790/1459/5716/5700/1191/51343/26263/10399/29761/9655/1601/160418/369/57095/10213/8239/8312"
"GO:0019883","antigen processing and presentation of endogenous antigen",24,0.568254874611325,1.83842515495132,0.00264861981582735,0.0495300532985825,0.0420201059071941,3552,"tags=42%, list=23%, signal=32%","3133/567/6892/9474/80328/51752/79465/3106/3105/64167"
